INPUT:id	INPUT:lemma	INPUT:left	INPUT:word	INPUT:right	GOLDEN:sense_id	HINT:text	INPUT:senses
48	полоз	духов, к тому зверей многородных. Созову купно, прийдут змии страховидни, Гади, смоки,	полозы	, скорпии, ехидны. Феофан Прокопович К концу дня у них были ключи от	3	В данном случае, слово «полоз» имеет значение «неядовитая змея».	"[{""sense"": 1, ""definition"": ""\u043d\u0438\u0436\u043d\u044f\u044f \u0447\u0430\u0441\u0442\u044c \u0441\u0430\u043d\u0435\u0439""}, {""sense"": 2, ""definition"": ""\u0441\u043a\u043e\u043b\u044c\u0437\u044f\u0449\u0438\u0439 \u0431\u0440\u0443\u0441 \u0434\u043b\u044f \u0442\u044f\u0436\u0435\u0441\u0442\u0435\u0439""}, {""sense"": 3, ""definition"": ""\u043d\u0435\u044f\u0434\u043e\u0432\u0438\u0442\u0430\u044f \u0437\u043c\u0435\u044f""}]"
12	бычок	вид. Он поднимается за воздухом и скользящим движением снова приближается к голове	бычка	. Тот снова подставляет ужу хвост и растопыренный колючками плавник. Ужа это явно	2	В данном случае, слово «бычок» имеет значение «Небольшая морская рыба отряда окунеобразных».	"[{""sense"": 1, ""definition"": ""\u0443\u043c\u0435\u043d\u044c\u0448\u0438\u0442\u0435\u043b\u044c\u043d\u043e-\u043b\u0430\u0441\u043a\u0430\u0442\u0435\u043b\u044c\u043d\u043e\u0435 \u043a \u0431\u044b\u043a, \u043c\u043e\u043b\u043e\u0434\u043e\u0439 \u0431\u044b\u043a""}, {""sense"": 2, ""definition"": ""\u041d\u0435\u0431\u043e\u043b\u044c\u0448\u0430\u044f \u043c\u043e\u0440\u0441\u043a\u0430\u044f \u0440\u044b\u0431\u0430 \u043e\u0442\u0440\u044f\u0434\u0430 \u043e\u043a\u0443\u043d\u0435\u043e\u0431\u0440\u0430\u0437\u043d\u044b\u0445""}, {""sense"": 3, ""definition"": ""\u043e\u043a\u0443\u0440\u043e\u043a""}, {""sense"": 4, ""definition"": ""\u0421\u0435\u043c\u0435\u0439\u0441\u0442\u0432\u043e \u043c\u043e\u0440\u0441\u043a\u0438\u0445 \u0440\u044b\u0431 \u044d\u0442\u043e\u0433\u043e \u043e\u0442\u0440\u044f\u0434\u0430""}, {""sense"": 5, ""definition"": ""\u041c\u044f\u0441\u043e \u0442\u0430\u043a\u0438\u0445 \u0440\u044b\u0431""}]"
3	бычок	вокруг, представляя пикадоров и banderillos. Наконец, подбоченясь с комической важностью, выступает матадор;	бычок	бросается вперед и в ту же секунду падает к ногам матадора при	1	В данном случае, слово «бычок» имеет значение «уменьшительно-ласкательное к бык, молодой бык».	"[{""sense"": 1, ""definition"": ""\u0443\u043c\u0435\u043d\u044c\u0448\u0438\u0442\u0435\u043b\u044c\u043d\u043e-\u043b\u0430\u0441\u043a\u0430\u0442\u0435\u043b\u044c\u043d\u043e\u0435 \u043a \u0431\u044b\u043a, \u043c\u043e\u043b\u043e\u0434\u043e\u0439 \u0431\u044b\u043a""}, {""sense"": 2, ""definition"": ""\u041d\u0435\u0431\u043e\u043b\u044c\u0448\u0430\u044f \u043c\u043e\u0440\u0441\u043a\u0430\u044f \u0440\u044b\u0431\u0430 \u043e\u0442\u0440\u044f\u0434\u0430 \u043e\u043a\u0443\u043d\u0435\u043e\u0431\u0440\u0430\u0437\u043d\u044b\u0445""}, {""sense"": 3, ""definition"": ""\u043e\u043a\u0443\u0440\u043e\u043a""}, {""sense"": 4, ""definition"": ""\u0421\u0435\u043c\u0435\u0439\u0441\u0442\u0432\u043e \u043c\u043e\u0440\u0441\u043a\u0438\u0445 \u0440\u044b\u0431 \u044d\u0442\u043e\u0433\u043e \u043e\u0442\u0440\u044f\u0434\u0430""}, {""sense"": 5, ""definition"": ""\u041c\u044f\u0441\u043e \u0442\u0430\u043a\u0438\u0445 \u0440\u044b\u0431""}]"
66	рак	В этой же стране якобы лечится от	рака	поджелудочной железы и экс-президент Египта Хосни Мубарак, ранее уверявший, что намерен умереть	2	В данном случае, слово «рак» имеет значение «болезнь людей и животных».	"[{""sense"": 1, ""definition"": ""\u043f\u0440\u0435\u0441\u043d\u043e\u0432\u043e\u0434\u043d\u043e\u0435""}, {""sense"": 2, ""definition"": ""\u0431\u043e\u043b\u0435\u0437\u043d\u044c \u043b\u044e\u0434\u0435\u0439 \u0438 \u0436\u0438\u0432\u043e\u0442\u043d\u044b\u0445""}, {""sense"": 3, ""definition"": ""\u041e\u0434\u043d\u043e \u0438\u0437 \u0434\u0432\u0435\u043d\u0430\u0434\u0446\u0430\u0442\u0438 \u0441\u043e\u0437\u0432\u0435\u0437\u0434\u0438\u0439 \u0417\u043e\u0434\u0438\u0430\u043a\u0430.""}, {""sense"": 4, ""definition"": ""\u041e \u0447\u0435\u043b\u043e\u0432\u0435\u043a\u0435, \u0440\u043e\u0434\u0438\u0432\u0448\u0435\u043c\u0441\u044f \u0432 \u043a\u043e\u043d\u0446\u0435 \u0438\u044e\u043d\u044f - \u0438\u044e\u043b\u0435, \u043a\u043e\u0433\u0434\u0430 \u0421\u043e\u043b\u043d\u0446\u0435 \u043d\u0430\u0445\u043e\u0434\u0438\u0442\u0441\u044f \u0432 \u0441\u043e\u0437\u0432\u0435\u0437\u0434\u0438\u0438 \u0420\u0430\u043a\u0430""}]"
22	кличка	по приезде сюда (если это случится), вы наделаете множество ошибок, принимая знакомые	клички	за знакомых людей. Это верно. П. А. Поклонитесь Боткину. Жена благодарит за	2	В данном случае, слово «кличка» имеет значение «прозвище человека».	"[{""sense"": 1, ""definition"": ""\u0438\u043c\u044f \u0434\u043e\u043c\u0430\u0448\u0435\u043d\u0435\u0433\u043e \u0436\u0438\u0432\u043e\u0442\u043d\u043e\u0433\u043e""}, {""sense"": 2, ""definition"": ""\u043f\u0440\u043e\u0437\u0432\u0438\u0449\u0435 \u0447\u0435\u043b\u043e\u0432\u0435\u043a\u0430""}]"
26	кличка	молодец преследовался нами за крупную кражу. Я припоминаю теперь и его воровскую	кличку	-- «вице-фрейлен», что по-русски значит «старая дева». Видимо, мы напали на след	2	В данном случае, слово «кличка» имеет значение «прозвище человека».	"[{""sense"": 1, ""definition"": ""\u0438\u043c\u044f \u0434\u043e\u043c\u0430\u0448\u0435\u043d\u0435\u0433\u043e \u0436\u0438\u0432\u043e\u0442\u043d\u043e\u0433\u043e""}, {""sense"": 2, ""definition"": ""\u043f\u0440\u043e\u0437\u0432\u0438\u0449\u0435 \u0447\u0435\u043b\u043e\u0432\u0435\u043a\u0430""}]"
40	полоз	лежневая дорога вела к поселку. Он встретил нас гудением движка и скрипом	полозьев	. Обдал сквозняком пустынных улиц. Собак здесь попадалось больше, чем людей. Путь наш	1	В данном случае, слово «полоз» имеет значение «нижняя часть саней».	"[{""sense"": 1, ""definition"": ""\u043d\u0438\u0436\u043d\u044f\u044f \u0447\u0430\u0441\u0442\u044c \u0441\u0430\u043d\u0435\u0439""}, {""sense"": 2, ""definition"": ""\u0441\u043a\u043e\u043b\u044c\u0437\u044f\u0449\u0438\u0439 \u0431\u0440\u0443\u0441 \u0434\u043b\u044f \u0442\u044f\u0436\u0435\u0441\u0442\u0435\u0439""}, {""sense"": 3, ""definition"": ""\u043d\u0435\u044f\u0434\u043e\u0432\u0438\u0442\u0430\u044f \u0437\u043c\u0435\u044f""}]"
69	рак	веса эти показатели нормализуются. Женщины с ожирением имеют очень высокие риски заболеть	раком	молочной железы, а при снижении веса эти риски резко снижаются. И наконец,	2	В данном случае, слово «рак» имеет значение «болезнь людей и животных».	"[{""sense"": 1, ""definition"": ""\u043f\u0440\u0435\u0441\u043d\u043e\u0432\u043e\u0434\u043d\u043e\u0435""}, {""sense"": 2, ""definition"": ""\u0431\u043e\u043b\u0435\u0437\u043d\u044c \u043b\u044e\u0434\u0435\u0439 \u0438 \u0436\u0438\u0432\u043e\u0442\u043d\u044b\u0445""}, {""sense"": 3, ""definition"": ""\u041e\u0434\u043d\u043e \u0438\u0437 \u0434\u0432\u0435\u043d\u0430\u0434\u0446\u0430\u0442\u0438 \u0441\u043e\u0437\u0432\u0435\u0437\u0434\u0438\u0439 \u0417\u043e\u0434\u0438\u0430\u043a\u0430.""}, {""sense"": 4, ""definition"": ""\u041e \u0447\u0435\u043b\u043e\u0432\u0435\u043a\u0435, \u0440\u043e\u0434\u0438\u0432\u0448\u0435\u043c\u0441\u044f \u0432 \u043a\u043e\u043d\u0446\u0435 \u0438\u044e\u043d\u044f - \u0438\u044e\u043b\u0435, \u043a\u043e\u0433\u0434\u0430 \u0421\u043e\u043b\u043d\u0446\u0435 \u043d\u0430\u0445\u043e\u0434\u0438\u0442\u0441\u044f \u0432 \u0441\u043e\u0437\u0432\u0435\u0437\u0434\u0438\u0438 \u0420\u0430\u043a\u0430""}]"
71	рак	не следует рисковать ради того, чтобы произвести впечатление на представителей противоположного пола.	Рак	. Вполне вероятно, что вы сможете придать контактам со своей пассией особую яркость	4	В данном случае, слово «рак» имеет значение «О человеке, родившемся в конце июня - июле, когда Солнце находится в созвездии Рака».	"[{""sense"": 1, ""definition"": ""\u043f\u0440\u0435\u0441\u043d\u043e\u0432\u043e\u0434\u043d\u043e\u0435""}, {""sense"": 2, ""definition"": ""\u0431\u043e\u043b\u0435\u0437\u043d\u044c \u043b\u044e\u0434\u0435\u0439 \u0438 \u0436\u0438\u0432\u043e\u0442\u043d\u044b\u0445""}, {""sense"": 3, ""definition"": ""\u041e\u0434\u043d\u043e \u0438\u0437 \u0434\u0432\u0435\u043d\u0430\u0434\u0446\u0430\u0442\u0438 \u0441\u043e\u0437\u0432\u0435\u0437\u0434\u0438\u0439 \u0417\u043e\u0434\u0438\u0430\u043a\u0430.""}, {""sense"": 4, ""definition"": ""\u041e \u0447\u0435\u043b\u043e\u0432\u0435\u043a\u0435, \u0440\u043e\u0434\u0438\u0432\u0448\u0435\u043c\u0441\u044f \u0432 \u043a\u043e\u043d\u0446\u0435 \u0438\u044e\u043d\u044f - \u0438\u044e\u043b\u0435, \u043a\u043e\u0433\u0434\u0430 \u0421\u043e\u043b\u043d\u0446\u0435 \u043d\u0430\u0445\u043e\u0434\u0438\u0442\u0441\u044f \u0432 \u0441\u043e\u0437\u0432\u0435\u0437\u0434\u0438\u0438 \u0420\u0430\u043a\u0430""}]"
76	рак	четверг и пятницу шансы на успешное решение повысятся. Обращайтесь к проверенным специалистам.	РАК	Неделя пройдет успешнее, если в понедельник и среду вы откажетесь от беспорядочного	4	В данном случае, слово «рак» имеет значение «О человеке, родившемся в конце июня - июле, когда Солнце находится в созвездии Рака».	"[{""sense"": 1, ""definition"": ""\u043f\u0440\u0435\u0441\u043d\u043e\u0432\u043e\u0434\u043d\u043e\u0435""}, {""sense"": 2, ""definition"": ""\u0431\u043e\u043b\u0435\u0437\u043d\u044c \u043b\u044e\u0434\u0435\u0439 \u0438 \u0436\u0438\u0432\u043e\u0442\u043d\u044b\u0445""}, {""sense"": 3, ""definition"": ""\u041e\u0434\u043d\u043e \u0438\u0437 \u0434\u0432\u0435\u043d\u0430\u0434\u0446\u0430\u0442\u0438 \u0441\u043e\u0437\u0432\u0435\u0437\u0434\u0438\u0439 \u0417\u043e\u0434\u0438\u0430\u043a\u0430.""}, {""sense"": 4, ""definition"": ""\u041e \u0447\u0435\u043b\u043e\u0432\u0435\u043a\u0435, \u0440\u043e\u0434\u0438\u0432\u0448\u0435\u043c\u0441\u044f \u0432 \u043a\u043e\u043d\u0446\u0435 \u0438\u044e\u043d\u044f - \u0438\u044e\u043b\u0435, \u043a\u043e\u0433\u0434\u0430 \u0421\u043e\u043b\u043d\u0446\u0435 \u043d\u0430\u0445\u043e\u0434\u0438\u0442\u0441\u044f \u0432 \u0441\u043e\u0437\u0432\u0435\u0437\u0434\u0438\u0438 \u0420\u0430\u043a\u0430""}]"
41	полоз	медали во всех видах программы, потому что установили нагревательные элементы в свои	полозья	. Они плавили лед и уменьшали силу трения. В Нагано выступали в запрещенной	1	В данном случае, слово «полоз» имеет значение «нижняя часть саней».	"[{""sense"": 1, ""definition"": ""\u043d\u0438\u0436\u043d\u044f\u044f \u0447\u0430\u0441\u0442\u044c \u0441\u0430\u043d\u0435\u0439""}, {""sense"": 2, ""definition"": ""\u0441\u043a\u043e\u043b\u044c\u0437\u044f\u0449\u0438\u0439 \u0431\u0440\u0443\u0441 \u0434\u043b\u044f \u0442\u044f\u0436\u0435\u0441\u0442\u0435\u0439""}, {""sense"": 3, ""definition"": ""\u043d\u0435\u044f\u0434\u043e\u0432\u0438\u0442\u0430\u044f \u0437\u043c\u0435\u044f""}]"
77	рак	рук, - отжимания, гимнастику с гантелями. Посетите бассейн. 30 - 31 октября, Луна в	Раке	. Посетите врачей, чтобы провести общее обследование. Не стоит на эти дни планировать	3	В данном случае, слово «рак» имеет значение «Одно из двенадцати созвездий Зодиака.».	"[{""sense"": 1, ""definition"": ""\u043f\u0440\u0435\u0441\u043d\u043e\u0432\u043e\u0434\u043d\u043e\u0435""}, {""sense"": 2, ""definition"": ""\u0431\u043e\u043b\u0435\u0437\u043d\u044c \u043b\u044e\u0434\u0435\u0439 \u0438 \u0436\u0438\u0432\u043e\u0442\u043d\u044b\u0445""}, {""sense"": 3, ""definition"": ""\u041e\u0434\u043d\u043e \u0438\u0437 \u0434\u0432\u0435\u043d\u0430\u0434\u0446\u0430\u0442\u0438 \u0441\u043e\u0437\u0432\u0435\u0437\u0434\u0438\u0439 \u0417\u043e\u0434\u0438\u0430\u043a\u0430.""}, {""sense"": 4, ""definition"": ""\u041e \u0447\u0435\u043b\u043e\u0432\u0435\u043a\u0435, \u0440\u043e\u0434\u0438\u0432\u0448\u0435\u043c\u0441\u044f \u0432 \u043a\u043e\u043d\u0446\u0435 \u0438\u044e\u043d\u044f - \u0438\u044e\u043b\u0435, \u043a\u043e\u0433\u0434\u0430 \u0421\u043e\u043b\u043d\u0446\u0435 \u043d\u0430\u0445\u043e\u0434\u0438\u0442\u0441\u044f \u0432 \u0441\u043e\u0437\u0432\u0435\u0437\u0434\u0438\u0438 \u0420\u0430\u043a\u0430""}]"
8	бычок	, чем на режиссера. Мортенсен появляется в пальто, накинутом на майку, и с	бычком	во рту. Анна Ивановна катается на мотоцикле «Урал», да и сам город	3	В данном случае, слово «бычок» имеет значение «окурок».	"[{""sense"": 1, ""definition"": ""\u0443\u043c\u0435\u043d\u044c\u0448\u0438\u0442\u0435\u043b\u044c\u043d\u043e-\u043b\u0430\u0441\u043a\u0430\u0442\u0435\u043b\u044c\u043d\u043e\u0435 \u043a \u0431\u044b\u043a, \u043c\u043e\u043b\u043e\u0434\u043e\u0439 \u0431\u044b\u043a""}, {""sense"": 2, ""definition"": ""\u041d\u0435\u0431\u043e\u043b\u044c\u0448\u0430\u044f \u043c\u043e\u0440\u0441\u043a\u0430\u044f \u0440\u044b\u0431\u0430 \u043e\u0442\u0440\u044f\u0434\u0430 \u043e\u043a\u0443\u043d\u0435\u043e\u0431\u0440\u0430\u0437\u043d\u044b\u0445""}, {""sense"": 3, ""definition"": ""\u043e\u043a\u0443\u0440\u043e\u043a""}, {""sense"": 4, ""definition"": ""\u0421\u0435\u043c\u0435\u0439\u0441\u0442\u0432\u043e \u043c\u043e\u0440\u0441\u043a\u0438\u0445 \u0440\u044b\u0431 \u044d\u0442\u043e\u0433\u043e \u043e\u0442\u0440\u044f\u0434\u0430""}, {""sense"": 5, ""definition"": ""\u041c\u044f\u0441\u043e \u0442\u0430\u043a\u0438\u0445 \u0440\u044b\u0431""}]"
75	рак	фотографии. Можно продолжить процесс уже на компьютере (в домашней обстановке). Мужчина-вода (	Рак	, Скорпион, Рыбы) даже мимолетным увлечениям придает накал романа всей жизни. Предложите сфотографировать	4	В данном случае, слово «рак» имеет значение «О человеке, родившемся в конце июня - июле, когда Солнце находится в созвездии Рака».	"[{""sense"": 1, ""definition"": ""\u043f\u0440\u0435\u0441\u043d\u043e\u0432\u043e\u0434\u043d\u043e\u0435""}, {""sense"": 2, ""definition"": ""\u0431\u043e\u043b\u0435\u0437\u043d\u044c \u043b\u044e\u0434\u0435\u0439 \u0438 \u0436\u0438\u0432\u043e\u0442\u043d\u044b\u0445""}, {""sense"": 3, ""definition"": ""\u041e\u0434\u043d\u043e \u0438\u0437 \u0434\u0432\u0435\u043d\u0430\u0434\u0446\u0430\u0442\u0438 \u0441\u043e\u0437\u0432\u0435\u0437\u0434\u0438\u0439 \u0417\u043e\u0434\u0438\u0430\u043a\u0430.""}, {""sense"": 4, ""definition"": ""\u041e \u0447\u0435\u043b\u043e\u0432\u0435\u043a\u0435, \u0440\u043e\u0434\u0438\u0432\u0448\u0435\u043c\u0441\u044f \u0432 \u043a\u043e\u043d\u0446\u0435 \u0438\u044e\u043d\u044f - \u0438\u044e\u043b\u0435, \u043a\u043e\u0433\u0434\u0430 \u0421\u043e\u043b\u043d\u0446\u0435 \u043d\u0430\u0445\u043e\u0434\u0438\u0442\u0441\u044f \u0432 \u0441\u043e\u0437\u0432\u0435\u0437\u0434\u0438\u0438 \u0420\u0430\u043a\u0430""}]"
5	бычок	орошался, и на нем в невероятно короткий срок можно было откармливать молодых	бычков	. Правда, вид его несколько портили проволочные ограждения. Трэверс хорошо разбирался в сельском	1	В данном случае, слово «бычок» имеет значение «уменьшительно-ласкательное к бык, молодой бык».	"[{""sense"": 1, ""definition"": ""\u0443\u043c\u0435\u043d\u044c\u0448\u0438\u0442\u0435\u043b\u044c\u043d\u043e-\u043b\u0430\u0441\u043a\u0430\u0442\u0435\u043b\u044c\u043d\u043e\u0435 \u043a \u0431\u044b\u043a, \u043c\u043e\u043b\u043e\u0434\u043e\u0439 \u0431\u044b\u043a""}, {""sense"": 2, ""definition"": ""\u041d\u0435\u0431\u043e\u043b\u044c\u0448\u0430\u044f \u043c\u043e\u0440\u0441\u043a\u0430\u044f \u0440\u044b\u0431\u0430 \u043e\u0442\u0440\u044f\u0434\u0430 \u043e\u043a\u0443\u043d\u0435\u043e\u0431\u0440\u0430\u0437\u043d\u044b\u0445""}, {""sense"": 3, ""definition"": ""\u043e\u043a\u0443\u0440\u043e\u043a""}, {""sense"": 4, ""definition"": ""\u0421\u0435\u043c\u0435\u0439\u0441\u0442\u0432\u043e \u043c\u043e\u0440\u0441\u043a\u0438\u0445 \u0440\u044b\u0431 \u044d\u0442\u043e\u0433\u043e \u043e\u0442\u0440\u044f\u0434\u0430""}, {""sense"": 5, ""definition"": ""\u041c\u044f\u0441\u043e \u0442\u0430\u043a\u0438\u0445 \u0440\u044b\u0431""}]"
37	лейка	самого утра. Он снимает станцию, рабочих, зимовщиков, окружающий пейзаж. Он снимает кинамой, «	лейкой	», стереоскопическим аппаратом. Фотографы-любители показывают ему свои негативы. Каплан консультирует. На фирне	2	В данном случае, слово «лейка» имеет значение «узкопленочный фотоаппарат».	"[{""sense"": 1, ""definition"": ""\u0421\u043e\u0441\u0443\u0434 \u0434\u043b\u044f \u043f\u043e\u043b\u0438\u0432\u043a\u0438 \u0440\u0430\u0441\u0442\u0435\u043d\u0438\u0439 \u0432 \u0432\u0438\u0434\u0435 \u0432\u0435\u0434\u0440\u0430 \u0441 \u0442\u0440\u0443\u0431\u043a\u043e\u0439""}, {""sense"": 2, ""definition"": ""\u0443\u0437\u043a\u043e\u043f\u043b\u0435\u043d\u043e\u0447\u043d\u044b\u0439 \u0444\u043e\u0442\u043e\u0430\u043f\u043f\u0430\u0440\u0430\u0442""}, {""sense"": 3, ""definition"": ""\u041d\u0430\u0440.-\u0440\u0430\u0437\u0433. =\u0412\u043e\u0440\u043e\u043d\u043a\u0430""}]"
65	рак	попросят выйти людей? Для сравнения: гамма-терапевтическая установка, применимая при лечении больных	раком	, обладает энергией 1,25 МэВ. - Комплекс ИДК позволяет за час проверить 25	2	В данном случае, слово «рак» имеет значение «болезнь людей и животных».	"[{""sense"": 1, ""definition"": ""\u043f\u0440\u0435\u0441\u043d\u043e\u0432\u043e\u0434\u043d\u043e\u0435""}, {""sense"": 2, ""definition"": ""\u0431\u043e\u043b\u0435\u0437\u043d\u044c \u043b\u044e\u0434\u0435\u0439 \u0438 \u0436\u0438\u0432\u043e\u0442\u043d\u044b\u0445""}, {""sense"": 3, ""definition"": ""\u041e\u0434\u043d\u043e \u0438\u0437 \u0434\u0432\u0435\u043d\u0430\u0434\u0446\u0430\u0442\u0438 \u0441\u043e\u0437\u0432\u0435\u0437\u0434\u0438\u0439 \u0417\u043e\u0434\u0438\u0430\u043a\u0430.""}, {""sense"": 4, ""definition"": ""\u041e \u0447\u0435\u043b\u043e\u0432\u0435\u043a\u0435, \u0440\u043e\u0434\u0438\u0432\u0448\u0435\u043c\u0441\u044f \u0432 \u043a\u043e\u043d\u0446\u0435 \u0438\u044e\u043d\u044f - \u0438\u044e\u043b\u0435, \u043a\u043e\u0433\u0434\u0430 \u0421\u043e\u043b\u043d\u0446\u0435 \u043d\u0430\u0445\u043e\u0434\u0438\u0442\u0441\u044f \u0432 \u0441\u043e\u0437\u0432\u0435\u0437\u0434\u0438\u0438 \u0420\u0430\u043a\u0430""}]"
20	кличка	том месте, где 21-летняя фотомодель жестоко заколола ножом бездомную собаку по	кличке	Мальчик, опекаемую метрополитеновцами. Резонанс тогда был огромный, и целая группа звезд - Елена	1	В данном случае, слово «кличка» имеет значение «имя домашенего животного».	"[{""sense"": 1, ""definition"": ""\u0438\u043c\u044f \u0434\u043e\u043c\u0430\u0448\u0435\u043d\u0435\u0433\u043e \u0436\u0438\u0432\u043e\u0442\u043d\u043e\u0433\u043e""}, {""sense"": 2, ""definition"": ""\u043f\u0440\u043e\u0437\u0432\u0438\u0449\u0435 \u0447\u0435\u043b\u043e\u0432\u0435\u043a\u0430""}]"
31	лейка	утра, не раньше и не позднее, появлялся на балконе Александр Рафаилович с	лейкой	. Напевая что-то из Гуно или Верди, он поливал кадки и горшки с	1	В данном случае, слово «лейка» имеет значение «Сосуд для поливки растений в виде ведра с трубкой».	"[{""sense"": 1, ""definition"": ""\u0421\u043e\u0441\u0443\u0434 \u0434\u043b\u044f \u043f\u043e\u043b\u0438\u0432\u043a\u0438 \u0440\u0430\u0441\u0442\u0435\u043d\u0438\u0439 \u0432 \u0432\u0438\u0434\u0435 \u0432\u0435\u0434\u0440\u0430 \u0441 \u0442\u0440\u0443\u0431\u043a\u043e\u0439""}, {""sense"": 2, ""definition"": ""\u0443\u0437\u043a\u043e\u043f\u043b\u0435\u043d\u043e\u0447\u043d\u044b\u0439 \u0444\u043e\u0442\u043e\u0430\u043f\u043f\u0430\u0440\u0430\u0442""}, {""sense"": 3, ""definition"": ""\u041d\u0430\u0440.-\u0440\u0430\u0437\u0433. =\u0412\u043e\u0440\u043e\u043d\u043a\u0430""}]"
17	кличка	залито кровью. Кроме семьи, налетчик расправился и со сторожевой собакой - дворняга по	кличке	Пират разделил горькую участь хозяев. Из живых существ, обитавших на злосчастной даче,	1	В данном случае, слово «кличка» имеет значение «имя домашенего животного».	"[{""sense"": 1, ""definition"": ""\u0438\u043c\u044f \u0434\u043e\u043c\u0430\u0448\u0435\u043d\u0435\u0433\u043e \u0436\u0438\u0432\u043e\u0442\u043d\u043e\u0433\u043e""}, {""sense"": 2, ""definition"": ""\u043f\u0440\u043e\u0437\u0432\u0438\u0449\u0435 \u0447\u0435\u043b\u043e\u0432\u0435\u043a\u0430""}]"
11	бычок	надо: территория закрытая, охраняется, чужие не зайдут, а свои не мусорят и	бычки	, где попало, не бросают. Если собак выгуливают, то все как положено, с	3	В данном случае, слово «бычок» имеет значение «окурок».	"[{""sense"": 1, ""definition"": ""\u0443\u043c\u0435\u043d\u044c\u0448\u0438\u0442\u0435\u043b\u044c\u043d\u043e-\u043b\u0430\u0441\u043a\u0430\u0442\u0435\u043b\u044c\u043d\u043e\u0435 \u043a \u0431\u044b\u043a, \u043c\u043e\u043b\u043e\u0434\u043e\u0439 \u0431\u044b\u043a""}, {""sense"": 2, ""definition"": ""\u041d\u0435\u0431\u043e\u043b\u044c\u0448\u0430\u044f \u043c\u043e\u0440\u0441\u043a\u0430\u044f \u0440\u044b\u0431\u0430 \u043e\u0442\u0440\u044f\u0434\u0430 \u043e\u043a\u0443\u043d\u0435\u043e\u0431\u0440\u0430\u0437\u043d\u044b\u0445""}, {""sense"": 3, ""definition"": ""\u043e\u043a\u0443\u0440\u043e\u043a""}, {""sense"": 4, ""definition"": ""\u0421\u0435\u043c\u0435\u0439\u0441\u0442\u0432\u043e \u043c\u043e\u0440\u0441\u043a\u0438\u0445 \u0440\u044b\u0431 \u044d\u0442\u043e\u0433\u043e \u043e\u0442\u0440\u044f\u0434\u0430""}, {""sense"": 5, ""definition"": ""\u041c\u044f\u0441\u043e \u0442\u0430\u043a\u0438\u0445 \u0440\u044b\u0431""}]"
43	полоз	плеча раз, другой, третий, канат с треском лопнул, «Марс» медленно пополз на	полозьях	в воду, гоня перед собою высокую пену. Петр, бледный от волнения, еще	2	В данном случае, слово «полоз» имеет значение «скользящий брус для тяжестей».	"[{""sense"": 1, ""definition"": ""\u043d\u0438\u0436\u043d\u044f\u044f \u0447\u0430\u0441\u0442\u044c \u0441\u0430\u043d\u0435\u0439""}, {""sense"": 2, ""definition"": ""\u0441\u043a\u043e\u043b\u044c\u0437\u044f\u0449\u0438\u0439 \u0431\u0440\u0443\u0441 \u0434\u043b\u044f \u0442\u044f\u0436\u0435\u0441\u0442\u0435\u0439""}, {""sense"": 3, ""definition"": ""\u043d\u0435\u044f\u0434\u043e\u0432\u0438\u0442\u0430\u044f \u0437\u043c\u0435\u044f""}]"
10	бычок	рты и тихонько чмокали, как бы смакуя утреннюю базарную прохладу. Горами лежали	бычки	-- черные «каменщики», светлые «песчаники» и кирпичного цвета «кнуты».	2	В данном случае, слово «бычок» имеет значение «Небольшая морская рыба отряда окунеобразных».	"[{""sense"": 1, ""definition"": ""\u0443\u043c\u0435\u043d\u044c\u0448\u0438\u0442\u0435\u043b\u044c\u043d\u043e-\u043b\u0430\u0441\u043a\u0430\u0442\u0435\u043b\u044c\u043d\u043e\u0435 \u043a \u0431\u044b\u043a, \u043c\u043e\u043b\u043e\u0434\u043e\u0439 \u0431\u044b\u043a""}, {""sense"": 2, ""definition"": ""\u041d\u0435\u0431\u043e\u043b\u044c\u0448\u0430\u044f \u043c\u043e\u0440\u0441\u043a\u0430\u044f \u0440\u044b\u0431\u0430 \u043e\u0442\u0440\u044f\u0434\u0430 \u043e\u043a\u0443\u043d\u0435\u043e\u0431\u0440\u0430\u0437\u043d\u044b\u0445""}, {""sense"": 3, ""definition"": ""\u043e\u043a\u0443\u0440\u043e\u043a""}, {""sense"": 4, ""definition"": ""\u0421\u0435\u043c\u0435\u0439\u0441\u0442\u0432\u043e \u043c\u043e\u0440\u0441\u043a\u0438\u0445 \u0440\u044b\u0431 \u044d\u0442\u043e\u0433\u043e \u043e\u0442\u0440\u044f\u0434\u0430""}, {""sense"": 5, ""definition"": ""\u041c\u044f\u0441\u043e \u0442\u0430\u043a\u0438\u0445 \u0440\u044b\u0431""}]"
24	кличка	старого конфликта с представителями конкурирующего мафиозного клана, которым руководит Тариэл Ониани (по	кличке	Таро). Киллер подкараулил Деда Хасана около ресторана «Каретный двор» на Поварской улице	2	В данном случае, слово «кличка» имеет значение «прозвище человека».	"[{""sense"": 1, ""definition"": ""\u0438\u043c\u044f \u0434\u043e\u043c\u0430\u0448\u0435\u043d\u0435\u0433\u043e \u0436\u0438\u0432\u043e\u0442\u043d\u043e\u0433\u043e""}, {""sense"": 2, ""definition"": ""\u043f\u0440\u043e\u0437\u0432\u0438\u0449\u0435 \u0447\u0435\u043b\u043e\u0432\u0435\u043a\u0430""}]"
68	рак	: «Ни к чему не прикасайся!» Он посмеивался, а она упрямо твердила, что	рак	заразен. Наперекор врачам почему-то все, абсолютно все больные в этом огромном здании	2	В данном случае, слово «рак» имеет значение «болезнь людей и животных».	"[{""sense"": 1, ""definition"": ""\u043f\u0440\u0435\u0441\u043d\u043e\u0432\u043e\u0434\u043d\u043e\u0435""}, {""sense"": 2, ""definition"": ""\u0431\u043e\u043b\u0435\u0437\u043d\u044c \u043b\u044e\u0434\u0435\u0439 \u0438 \u0436\u0438\u0432\u043e\u0442\u043d\u044b\u0445""}, {""sense"": 3, ""definition"": ""\u041e\u0434\u043d\u043e \u0438\u0437 \u0434\u0432\u0435\u043d\u0430\u0434\u0446\u0430\u0442\u0438 \u0441\u043e\u0437\u0432\u0435\u0437\u0434\u0438\u0439 \u0417\u043e\u0434\u0438\u0430\u043a\u0430.""}, {""sense"": 4, ""definition"": ""\u041e \u0447\u0435\u043b\u043e\u0432\u0435\u043a\u0435, \u0440\u043e\u0434\u0438\u0432\u0448\u0435\u043c\u0441\u044f \u0432 \u043a\u043e\u043d\u0446\u0435 \u0438\u044e\u043d\u044f - \u0438\u044e\u043b\u0435, \u043a\u043e\u0433\u0434\u0430 \u0421\u043e\u043b\u043d\u0446\u0435 \u043d\u0430\u0445\u043e\u0434\u0438\u0442\u0441\u044f \u0432 \u0441\u043e\u0437\u0432\u0435\u0437\u0434\u0438\u0438 \u0420\u0430\u043a\u0430""}]"
6	бычок	родах , и лежал он , младенец , носом уткнувшись в пепельницу . Так и пошло :	Бычок	! И сколько потом ни переезжал , сколько его ни перекидывали с места на	3	В данном случае, слово «бычок» имеет значение «окурок».	"[{""sense"": 1, ""definition"": ""\u0443\u043c\u0435\u043d\u044c\u0448\u0438\u0442\u0435\u043b\u044c\u043d\u043e-\u043b\u0430\u0441\u043a\u0430\u0442\u0435\u043b\u044c\u043d\u043e\u0435 \u043a \u0431\u044b\u043a, \u043c\u043e\u043b\u043e\u0434\u043e\u0439 \u0431\u044b\u043a""}, {""sense"": 2, ""definition"": ""\u041d\u0435\u0431\u043e\u043b\u044c\u0448\u0430\u044f \u043c\u043e\u0440\u0441\u043a\u0430\u044f \u0440\u044b\u0431\u0430 \u043e\u0442\u0440\u044f\u0434\u0430 \u043e\u043a\u0443\u043d\u0435\u043e\u0431\u0440\u0430\u0437\u043d\u044b\u0445""}, {""sense"": 3, ""definition"": ""\u043e\u043a\u0443\u0440\u043e\u043a""}, {""sense"": 4, ""definition"": ""\u0421\u0435\u043c\u0435\u0439\u0441\u0442\u0432\u043e \u043c\u043e\u0440\u0441\u043a\u0438\u0445 \u0440\u044b\u0431 \u044d\u0442\u043e\u0433\u043e \u043e\u0442\u0440\u044f\u0434\u0430""}, {""sense"": 5, ""definition"": ""\u041c\u044f\u0441\u043e \u0442\u0430\u043a\u0438\u0445 \u0440\u044b\u0431""}]"
67	рак	Большое количество молочных продуктов: избыток кальция угнетает выработку веществ, защищающих от	рака	Селен: этот мощный природный антиоксидант помогает клеткам иммунной системы нейтрализовать опухоль Больше	2	В данном случае, слово «рак» имеет значение «болезнь людей и животных».	"[{""sense"": 1, ""definition"": ""\u043f\u0440\u0435\u0441\u043d\u043e\u0432\u043e\u0434\u043d\u043e\u0435""}, {""sense"": 2, ""definition"": ""\u0431\u043e\u043b\u0435\u0437\u043d\u044c \u043b\u044e\u0434\u0435\u0439 \u0438 \u0436\u0438\u0432\u043e\u0442\u043d\u044b\u0445""}, {""sense"": 3, ""definition"": ""\u041e\u0434\u043d\u043e \u0438\u0437 \u0434\u0432\u0435\u043d\u0430\u0434\u0446\u0430\u0442\u0438 \u0441\u043e\u0437\u0432\u0435\u0437\u0434\u0438\u0439 \u0417\u043e\u0434\u0438\u0430\u043a\u0430.""}, {""sense"": 4, ""definition"": ""\u041e \u0447\u0435\u043b\u043e\u0432\u0435\u043a\u0435, \u0440\u043e\u0434\u0438\u0432\u0448\u0435\u043c\u0441\u044f \u0432 \u043a\u043e\u043d\u0446\u0435 \u0438\u044e\u043d\u044f - \u0438\u044e\u043b\u0435, \u043a\u043e\u0433\u0434\u0430 \u0421\u043e\u043b\u043d\u0446\u0435 \u043d\u0430\u0445\u043e\u0434\u0438\u0442\u0441\u044f \u0432 \u0441\u043e\u0437\u0432\u0435\u0437\u0434\u0438\u0438 \u0420\u0430\u043a\u0430""}]"
55	почерк	музыкальной точки зрения, но в спектакле производило потрясающее впечатление. Своего собственного «творческого	почерка	» у Сизова не было. Он его всегда находил заново, и находил именно	2	В данном случае, слово «почерк» имеет значение «индивидуальная творческая манера».	"[{""sense"": 1, ""definition"": ""\u043c\u0430\u043d\u0435\u0440\u0430 \u0438\u0437\u043e\u0431\u0440\u0430\u0436\u0435\u043d\u0438\u044f \u0431\u0443\u043a\u0432""}, {""sense"": 2, ""definition"": ""\u0438\u043d\u0434\u0438\u0432\u0438\u0434\u0443\u0430\u043b\u044c\u043d\u0430\u044f \u0442\u0432\u043e\u0440\u0447\u0435\u0441\u043a\u0430\u044f \u043c\u0430\u043d\u0435\u0440\u0430""}]"
72	рак	лицом. -- Кровопускание? Я уже думал, -- продолжал Марлиани: -- к несчастью, Марс -- в созвездии	Рака	в четвертом доме Солнца. К тому же влияние нечетного дня... Старичок смиренно	3	В данном случае, слово «рак» имеет значение «Одно из двенадцати созвездий Зодиака.».	"[{""sense"": 1, ""definition"": ""\u043f\u0440\u0435\u0441\u043d\u043e\u0432\u043e\u0434\u043d\u043e\u0435""}, {""sense"": 2, ""definition"": ""\u0431\u043e\u043b\u0435\u0437\u043d\u044c \u043b\u044e\u0434\u0435\u0439 \u0438 \u0436\u0438\u0432\u043e\u0442\u043d\u044b\u0445""}, {""sense"": 3, ""definition"": ""\u041e\u0434\u043d\u043e \u0438\u0437 \u0434\u0432\u0435\u043d\u0430\u0434\u0446\u0430\u0442\u0438 \u0441\u043e\u0437\u0432\u0435\u0437\u0434\u0438\u0439 \u0417\u043e\u0434\u0438\u0430\u043a\u0430.""}, {""sense"": 4, ""definition"": ""\u041e \u0447\u0435\u043b\u043e\u0432\u0435\u043a\u0435, \u0440\u043e\u0434\u0438\u0432\u0448\u0435\u043c\u0441\u044f \u0432 \u043a\u043e\u043d\u0446\u0435 \u0438\u044e\u043d\u044f - \u0438\u044e\u043b\u0435, \u043a\u043e\u0433\u0434\u0430 \u0421\u043e\u043b\u043d\u0446\u0435 \u043d\u0430\u0445\u043e\u0434\u0438\u0442\u0441\u044f \u0432 \u0441\u043e\u0437\u0432\u0435\u0437\u0434\u0438\u0438 \u0420\u0430\u043a\u0430""}]"
70	рак	пофилософствовать, помечтать, но сделать что-то реальное для воплощений своих мечтаний будет сложно.	РАК	. На этой неделе найдется много желающих обратиться к вам с той или	4	В данном случае, слово «рак» имеет значение «О человеке, родившемся в конце июня - июле, когда Солнце находится в созвездии Рака».	"[{""sense"": 1, ""definition"": ""\u043f\u0440\u0435\u0441\u043d\u043e\u0432\u043e\u0434\u043d\u043e\u0435""}, {""sense"": 2, ""definition"": ""\u0431\u043e\u043b\u0435\u0437\u043d\u044c \u043b\u044e\u0434\u0435\u0439 \u0438 \u0436\u0438\u0432\u043e\u0442\u043d\u044b\u0445""}, {""sense"": 3, ""definition"": ""\u041e\u0434\u043d\u043e \u0438\u0437 \u0434\u0432\u0435\u043d\u0430\u0434\u0446\u0430\u0442\u0438 \u0441\u043e\u0437\u0432\u0435\u0437\u0434\u0438\u0439 \u0417\u043e\u0434\u0438\u0430\u043a\u0430.""}, {""sense"": 4, ""definition"": ""\u041e \u0447\u0435\u043b\u043e\u0432\u0435\u043a\u0435, \u0440\u043e\u0434\u0438\u0432\u0448\u0435\u043c\u0441\u044f \u0432 \u043a\u043e\u043d\u0446\u0435 \u0438\u044e\u043d\u044f - \u0438\u044e\u043b\u0435, \u043a\u043e\u0433\u0434\u0430 \u0421\u043e\u043b\u043d\u0446\u0435 \u043d\u0430\u0445\u043e\u0434\u0438\u0442\u0441\u044f \u0432 \u0441\u043e\u0437\u0432\u0435\u0437\u0434\u0438\u0438 \u0420\u0430\u043a\u0430""}]"
46	полоз	круглую плоскую головку, лежал громадный полоз и смотрел на Майгулу. Кольца у	полоза	были все в изумрудах. В глазах его, застывших на Майгуле, стояли две	3	В данном случае, слово «полоз» имеет значение «неядовитая змея».	"[{""sense"": 1, ""definition"": ""\u043d\u0438\u0436\u043d\u044f\u044f \u0447\u0430\u0441\u0442\u044c \u0441\u0430\u043d\u0435\u0439""}, {""sense"": 2, ""definition"": ""\u0441\u043a\u043e\u043b\u044c\u0437\u044f\u0449\u0438\u0439 \u0431\u0440\u0443\u0441 \u0434\u043b\u044f \u0442\u044f\u0436\u0435\u0441\u0442\u0435\u0439""}, {""sense"": 3, ""definition"": ""\u043d\u0435\u044f\u0434\u043e\u0432\u0438\u0442\u0430\u044f \u0437\u043c\u0435\u044f""}]"
60	рак	чувство к недвижимости. Но оказалось, что к дому можно прирасти. Как прирастает	рак	к скорлупе, улитка к раковине, черепаха к панцирю. И вот уже трудно	1	В данном случае, слово «рак» имеет значение «пресноводное».	"[{""sense"": 1, ""definition"": ""\u043f\u0440\u0435\u0441\u043d\u043e\u0432\u043e\u0434\u043d\u043e\u0435""}, {""sense"": 2, ""definition"": ""\u0431\u043e\u043b\u0435\u0437\u043d\u044c \u043b\u044e\u0434\u0435\u0439 \u0438 \u0436\u0438\u0432\u043e\u0442\u043d\u044b\u0445""}, {""sense"": 3, ""definition"": ""\u041e\u0434\u043d\u043e \u0438\u0437 \u0434\u0432\u0435\u043d\u0430\u0434\u0446\u0430\u0442\u0438 \u0441\u043e\u0437\u0432\u0435\u0437\u0434\u0438\u0439 \u0417\u043e\u0434\u0438\u0430\u043a\u0430.""}, {""sense"": 4, ""definition"": ""\u041e \u0447\u0435\u043b\u043e\u0432\u0435\u043a\u0435, \u0440\u043e\u0434\u0438\u0432\u0448\u0435\u043c\u0441\u044f \u0432 \u043a\u043e\u043d\u0446\u0435 \u0438\u044e\u043d\u044f - \u0438\u044e\u043b\u0435, \u043a\u043e\u0433\u0434\u0430 \u0421\u043e\u043b\u043d\u0446\u0435 \u043d\u0430\u0445\u043e\u0434\u0438\u0442\u0441\u044f \u0432 \u0441\u043e\u0437\u0432\u0435\u0437\u0434\u0438\u0438 \u0420\u0430\u043a\u0430""}]"
19	кличка	его именем назвали какого-то Россинанта и владелец последнего должен был изменить лошади	кличку	.	1	В данном случае, слово «кличка» имеет значение «имя домашенего животного».	"[{""sense"": 1, ""definition"": ""\u0438\u043c\u044f \u0434\u043e\u043c\u0430\u0448\u0435\u043d\u0435\u0433\u043e \u0436\u0438\u0432\u043e\u0442\u043d\u043e\u0433\u043e""}, {""sense"": 2, ""definition"": ""\u043f\u0440\u043e\u0437\u0432\u0438\u0449\u0435 \u0447\u0435\u043b\u043e\u0432\u0435\u043a\u0430""}]"
30	лейка	исправление. Они занимались в полутьме стеклянной террасы. Глаз различал валявшиеся в беспорядке	лейки	и садовые инструменты. На спинку поломанного стула был наброшен дождевой плащ. В	1	В данном случае, слово «лейка» имеет значение «Сосуд для поливки растений в виде ведра с трубкой».	"[{""sense"": 1, ""definition"": ""\u0421\u043e\u0441\u0443\u0434 \u0434\u043b\u044f \u043f\u043e\u043b\u0438\u0432\u043a\u0438 \u0440\u0430\u0441\u0442\u0435\u043d\u0438\u0439 \u0432 \u0432\u0438\u0434\u0435 \u0432\u0435\u0434\u0440\u0430 \u0441 \u0442\u0440\u0443\u0431\u043a\u043e\u0439""}, {""sense"": 2, ""definition"": ""\u0443\u0437\u043a\u043e\u043f\u043b\u0435\u043d\u043e\u0447\u043d\u044b\u0439 \u0444\u043e\u0442\u043e\u0430\u043f\u043f\u0430\u0440\u0430\u0442""}, {""sense"": 3, ""definition"": ""\u041d\u0430\u0440.-\u0440\u0430\u0437\u0433. =\u0412\u043e\u0440\u043e\u043d\u043a\u0430""}]"
39	полоз	мужичок с принципами. -- Это сани? -- Пока орех, но, кажется, пойдет на	полозья	. -- В две недели будут с дышлом? Старик посмотрел на него, удивляясь, когда	1	В данном случае, слово «полоз» имеет значение «нижняя часть саней».	"[{""sense"": 1, ""definition"": ""\u043d\u0438\u0436\u043d\u044f\u044f \u0447\u0430\u0441\u0442\u044c \u0441\u0430\u043d\u0435\u0439""}, {""sense"": 2, ""definition"": ""\u0441\u043a\u043e\u043b\u044c\u0437\u044f\u0449\u0438\u0439 \u0431\u0440\u0443\u0441 \u0434\u043b\u044f \u0442\u044f\u0436\u0435\u0441\u0442\u0435\u0439""}, {""sense"": 3, ""definition"": ""\u043d\u0435\u044f\u0434\u043e\u0432\u0438\u0442\u0430\u044f \u0437\u043c\u0435\u044f""}]"
57	почерк	, какие-то обходные пути. И уже это, в свою очередь, сказывается на командном	почерке	– «Зенит» сейчас не столь быстр, остр и агрессивен.	2	В данном случае, слово «почерк» имеет значение «индивидуальная творческая манера».	"[{""sense"": 1, ""definition"": ""\u043c\u0430\u043d\u0435\u0440\u0430 \u0438\u0437\u043e\u0431\u0440\u0430\u0436\u0435\u043d\u0438\u044f \u0431\u0443\u043a\u0432""}, {""sense"": 2, ""definition"": ""\u0438\u043d\u0434\u0438\u0432\u0438\u0434\u0443\u0430\u043b\u044c\u043d\u0430\u044f \u0442\u0432\u043e\u0440\u0447\u0435\u0441\u043a\u0430\u044f \u043c\u0430\u043d\u0435\u0440\u0430""}]"
23	кличка	9 Статья профессора Г. Федотова «Революция идет». 10 Оскорбительная	кличка	. 11 Всякое коллективное выступление считалось по военным законам преступлением. 12 По закону	2	В данном случае, слово «кличка» имеет значение «прозвище человека».	"[{""sense"": 1, ""definition"": ""\u0438\u043c\u044f \u0434\u043e\u043c\u0430\u0448\u0435\u043d\u0435\u0433\u043e \u0436\u0438\u0432\u043e\u0442\u043d\u043e\u0433\u043e""}, {""sense"": 2, ""definition"": ""\u043f\u0440\u043e\u0437\u0432\u0438\u0449\u0435 \u0447\u0435\u043b\u043e\u0432\u0435\u043a\u0430""}]"
51	почерк	и значение. На столе в блокноте, куда записывали важные телефонные звонки, корявым	почерком	домашней работницы было написано «Звонили, что прислали еще противовесы». «Противовесы? -- Он	1	В данном случае, слово «почерк» имеет значение «манера изображения букв».	"[{""sense"": 1, ""definition"": ""\u043c\u0430\u043d\u0435\u0440\u0430 \u0438\u0437\u043e\u0431\u0440\u0430\u0436\u0435\u043d\u0438\u044f \u0431\u0443\u043a\u0432""}, {""sense"": 2, ""definition"": ""\u0438\u043d\u0434\u0438\u0432\u0438\u0434\u0443\u0430\u043b\u044c\u043d\u0430\u044f \u0442\u0432\u043e\u0440\u0447\u0435\u0441\u043a\u0430\u044f \u043c\u0430\u043d\u0435\u0440\u0430""}]"
36	лейка	дороже хорошего ливера, но она легче, прочнее и, кроме того, к этим	лейкам	всегда можно купить запасные и переменные ситки. Помимо леек очень полезно иметь	2	В данном случае, слово «лейка» имеет значение «узкопленочный фотоаппарат».	"[{""sense"": 1, ""definition"": ""\u0421\u043e\u0441\u0443\u0434 \u0434\u043b\u044f \u043f\u043e\u043b\u0438\u0432\u043a\u0438 \u0440\u0430\u0441\u0442\u0435\u043d\u0438\u0439 \u0432 \u0432\u0438\u0434\u0435 \u0432\u0435\u0434\u0440\u0430 \u0441 \u0442\u0440\u0443\u0431\u043a\u043e\u0439""}, {""sense"": 2, ""definition"": ""\u0443\u0437\u043a\u043e\u043f\u043b\u0435\u043d\u043e\u0447\u043d\u044b\u0439 \u0444\u043e\u0442\u043e\u0430\u043f\u043f\u0430\u0440\u0430\u0442""}, {""sense"": 3, ""definition"": ""\u041d\u0430\u0440.-\u0440\u0430\u0437\u0433. =\u0412\u043e\u0440\u043e\u043d\u043a\u0430""}]"
32	лейка	? Лейка, мыльница… Медленно текут воды времени, и кто там прыгает то с	лейкой	, то с мыльницей? Это наш фотолюбитель время останавливает, вооружившись подсобными предметами. И	2	В данном случае, слово «лейка» имеет значение «узкопленочный фотоаппарат».	"[{""sense"": 1, ""definition"": ""\u0421\u043e\u0441\u0443\u0434 \u0434\u043b\u044f \u043f\u043e\u043b\u0438\u0432\u043a\u0438 \u0440\u0430\u0441\u0442\u0435\u043d\u0438\u0439 \u0432 \u0432\u0438\u0434\u0435 \u0432\u0435\u0434\u0440\u0430 \u0441 \u0442\u0440\u0443\u0431\u043a\u043e\u0439""}, {""sense"": 2, ""definition"": ""\u0443\u0437\u043a\u043e\u043f\u043b\u0435\u043d\u043e\u0447\u043d\u044b\u0439 \u0444\u043e\u0442\u043e\u0430\u043f\u043f\u0430\u0440\u0430\u0442""}, {""sense"": 3, ""definition"": ""\u041d\u0430\u0440.-\u0440\u0430\u0437\u0433. =\u0412\u043e\u0440\u043e\u043d\u043a\u0430""}]"
62	рак	подачей положить в порционную миску спассерованные овощи, кусок рыбы, кусочки хрящей, фаршированные	раки	, раковые шейки, клешни, кнели и раковое масло. Продукты следует залить бульоном и	1	В данном случае, слово «рак» имеет значение «пресноводное».	"[{""sense"": 1, ""definition"": ""\u043f\u0440\u0435\u0441\u043d\u043e\u0432\u043e\u0434\u043d\u043e\u0435""}, {""sense"": 2, ""definition"": ""\u0431\u043e\u043b\u0435\u0437\u043d\u044c \u043b\u044e\u0434\u0435\u0439 \u0438 \u0436\u0438\u0432\u043e\u0442\u043d\u044b\u0445""}, {""sense"": 3, ""definition"": ""\u041e\u0434\u043d\u043e \u0438\u0437 \u0434\u0432\u0435\u043d\u0430\u0434\u0446\u0430\u0442\u0438 \u0441\u043e\u0437\u0432\u0435\u0437\u0434\u0438\u0439 \u0417\u043e\u0434\u0438\u0430\u043a\u0430.""}, {""sense"": 4, ""definition"": ""\u041e \u0447\u0435\u043b\u043e\u0432\u0435\u043a\u0435, \u0440\u043e\u0434\u0438\u0432\u0448\u0435\u043c\u0441\u044f \u0432 \u043a\u043e\u043d\u0446\u0435 \u0438\u044e\u043d\u044f - \u0438\u044e\u043b\u0435, \u043a\u043e\u0433\u0434\u0430 \u0421\u043e\u043b\u043d\u0446\u0435 \u043d\u0430\u0445\u043e\u0434\u0438\u0442\u0441\u044f \u0432 \u0441\u043e\u0437\u0432\u0435\u0437\u0434\u0438\u0438 \u0420\u0430\u043a\u0430""}]"
78	рак	и отложите «разборки» до того момента, когда Луна будет находиться в знаках	Рака	или Козерога (об этом можно узнать в любом астрологическом календаре). Это время	3	В данном случае, слово «рак» имеет значение «Одно из двенадцати созвездий Зодиака.».	"[{""sense"": 1, ""definition"": ""\u043f\u0440\u0435\u0441\u043d\u043e\u0432\u043e\u0434\u043d\u043e\u0435""}, {""sense"": 2, ""definition"": ""\u0431\u043e\u043b\u0435\u0437\u043d\u044c \u043b\u044e\u0434\u0435\u0439 \u0438 \u0436\u0438\u0432\u043e\u0442\u043d\u044b\u0445""}, {""sense"": 3, ""definition"": ""\u041e\u0434\u043d\u043e \u0438\u0437 \u0434\u0432\u0435\u043d\u0430\u0434\u0446\u0430\u0442\u0438 \u0441\u043e\u0437\u0432\u0435\u0437\u0434\u0438\u0439 \u0417\u043e\u0434\u0438\u0430\u043a\u0430.""}, {""sense"": 4, ""definition"": ""\u041e \u0447\u0435\u043b\u043e\u0432\u0435\u043a\u0435, \u0440\u043e\u0434\u0438\u0432\u0448\u0435\u043c\u0441\u044f \u0432 \u043a\u043e\u043d\u0446\u0435 \u0438\u044e\u043d\u044f - \u0438\u044e\u043b\u0435, \u043a\u043e\u0433\u0434\u0430 \u0421\u043e\u043b\u043d\u0446\u0435 \u043d\u0430\u0445\u043e\u0434\u0438\u0442\u0441\u044f \u0432 \u0441\u043e\u0437\u0432\u0435\u0437\u0434\u0438\u0438 \u0420\u0430\u043a\u0430""}]"
34	лейка	минувшего века. Репортер, начавший свою войну с фашизмом в Испании, он «с	лейкой	и блокнотом, а то и с пулеметом» (и с неизменной кинокамерой «Аймо»)	2	В данном случае, слово «лейка» имеет значение «узкопленочный фотоаппарат».	"[{""sense"": 1, ""definition"": ""\u0421\u043e\u0441\u0443\u0434 \u0434\u043b\u044f \u043f\u043e\u043b\u0438\u0432\u043a\u0438 \u0440\u0430\u0441\u0442\u0435\u043d\u0438\u0439 \u0432 \u0432\u0438\u0434\u0435 \u0432\u0435\u0434\u0440\u0430 \u0441 \u0442\u0440\u0443\u0431\u043a\u043e\u0439""}, {""sense"": 2, ""definition"": ""\u0443\u0437\u043a\u043e\u043f\u043b\u0435\u043d\u043e\u0447\u043d\u044b\u0439 \u0444\u043e\u0442\u043e\u0430\u043f\u043f\u0430\u0440\u0430\u0442""}, {""sense"": 3, ""definition"": ""\u041d\u0430\u0440.-\u0440\u0430\u0437\u0433. =\u0412\u043e\u0440\u043e\u043d\u043a\u0430""}]"
59	почерк	гонке просто ас. Достаточно было посмотреть, как они смену производили, чтобы угадать	почерк	советской школы, которую все мы прошли. Кстати, обратите внимание – почти все команды,	2	В данном случае, слово «почерк» имеет значение «индивидуальная творческая манера».	"[{""sense"": 1, ""definition"": ""\u043c\u0430\u043d\u0435\u0440\u0430 \u0438\u0437\u043e\u0431\u0440\u0430\u0436\u0435\u043d\u0438\u044f \u0431\u0443\u043a\u0432""}, {""sense"": 2, ""definition"": ""\u0438\u043d\u0434\u0438\u0432\u0438\u0434\u0443\u0430\u043b\u044c\u043d\u0430\u044f \u0442\u0432\u043e\u0440\u0447\u0435\u0441\u043a\u0430\u044f \u043c\u0430\u043d\u0435\u0440\u0430""}]"
28	лейка	-- Ты забыла, как в его руках обыкновенная	лейка	превратилась в родник. Дело в том, что к его душевному складу присоединяется	1	В данном случае, слово «лейка» имеет значение «Сосуд для поливки растений в виде ведра с трубкой».	"[{""sense"": 1, ""definition"": ""\u0421\u043e\u0441\u0443\u0434 \u0434\u043b\u044f \u043f\u043e\u043b\u0438\u0432\u043a\u0438 \u0440\u0430\u0441\u0442\u0435\u043d\u0438\u0439 \u0432 \u0432\u0438\u0434\u0435 \u0432\u0435\u0434\u0440\u0430 \u0441 \u0442\u0440\u0443\u0431\u043a\u043e\u0439""}, {""sense"": 2, ""definition"": ""\u0443\u0437\u043a\u043e\u043f\u043b\u0435\u043d\u043e\u0447\u043d\u044b\u0439 \u0444\u043e\u0442\u043e\u0430\u043f\u043f\u0430\u0440\u0430\u0442""}, {""sense"": 3, ""definition"": ""\u041d\u0430\u0440.-\u0440\u0430\u0437\u0433. =\u0412\u043e\u0440\u043e\u043d\u043a\u0430""}]"
14	бычок	"горькое, но нельзя же отставать от сверстников"". А рядом нарисован ребенок, докуривающий"	бычок	и стоит бутылка с фужером вина! Но ведь это же не литература,	3	В данном случае, слово «бычок» имеет значение «окурок».	"[{""sense"": 1, ""definition"": ""\u0443\u043c\u0435\u043d\u044c\u0448\u0438\u0442\u0435\u043b\u044c\u043d\u043e-\u043b\u0430\u0441\u043a\u0430\u0442\u0435\u043b\u044c\u043d\u043e\u0435 \u043a \u0431\u044b\u043a, \u043c\u043e\u043b\u043e\u0434\u043e\u0439 \u0431\u044b\u043a""}, {""sense"": 2, ""definition"": ""\u041d\u0435\u0431\u043e\u043b\u044c\u0448\u0430\u044f \u043c\u043e\u0440\u0441\u043a\u0430\u044f \u0440\u044b\u0431\u0430 \u043e\u0442\u0440\u044f\u0434\u0430 \u043e\u043a\u0443\u043d\u0435\u043e\u0431\u0440\u0430\u0437\u043d\u044b\u0445""}, {""sense"": 3, ""definition"": ""\u043e\u043a\u0443\u0440\u043e\u043a""}, {""sense"": 4, ""definition"": ""\u0421\u0435\u043c\u0435\u0439\u0441\u0442\u0432\u043e \u043c\u043e\u0440\u0441\u043a\u0438\u0445 \u0440\u044b\u0431 \u044d\u0442\u043e\u0433\u043e \u043e\u0442\u0440\u044f\u0434\u0430""}, {""sense"": 5, ""definition"": ""\u041c\u044f\u0441\u043e \u0442\u0430\u043a\u0438\u0445 \u0440\u044b\u0431""}]"
44	полоз	железных дорог стали рудники. Примерно в 1738 году быстро изнашивавшиеся деревянные рудничные	полозья	были заменены металлическими. В 1767 году Ричард Рейнольдс уложил на подъездных путях	2	В данном случае, слово «полоз» имеет значение «скользящий брус для тяжестей».	"[{""sense"": 1, ""definition"": ""\u043d\u0438\u0436\u043d\u044f\u044f \u0447\u0430\u0441\u0442\u044c \u0441\u0430\u043d\u0435\u0439""}, {""sense"": 2, ""definition"": ""\u0441\u043a\u043e\u043b\u044c\u0437\u044f\u0449\u0438\u0439 \u0431\u0440\u0443\u0441 \u0434\u043b\u044f \u0442\u044f\u0436\u0435\u0441\u0442\u0435\u0439""}, {""sense"": 3, ""definition"": ""\u043d\u0435\u044f\u0434\u043e\u0432\u0438\u0442\u0430\u044f \u0437\u043c\u0435\u044f""}]"
25	кличка	праву считается Владислав Галкин, главный «дальнобойщик» страны. У него в детстве даже	кличка	была соответствующая - Килька. Как только выдавалась свободная минутка, он тут же плюхался	2	В данном случае, слово «кличка» имеет значение «прозвище человека».	"[{""sense"": 1, ""definition"": ""\u0438\u043c\u044f \u0434\u043e\u043c\u0430\u0448\u0435\u043d\u0435\u0433\u043e \u0436\u0438\u0432\u043e\u0442\u043d\u043e\u0433\u043e""}, {""sense"": 2, ""definition"": ""\u043f\u0440\u043e\u0437\u0432\u0438\u0449\u0435 \u0447\u0435\u043b\u043e\u0432\u0435\u043a\u0430""}]"
74	рак	пару дней, займитесь более важными делами, порадуйте своим вниманием и заботой любимого.	Рак	. Воздержитесь от приема возбуждающих средств, избегайте разговоров на повышенных тонах и выяснения	4	В данном случае, слово «рак» имеет значение «О человеке, родившемся в конце июня - июле, когда Солнце находится в созвездии Рака».	"[{""sense"": 1, ""definition"": ""\u043f\u0440\u0435\u0441\u043d\u043e\u0432\u043e\u0434\u043d\u043e\u0435""}, {""sense"": 2, ""definition"": ""\u0431\u043e\u043b\u0435\u0437\u043d\u044c \u043b\u044e\u0434\u0435\u0439 \u0438 \u0436\u0438\u0432\u043e\u0442\u043d\u044b\u0445""}, {""sense"": 3, ""definition"": ""\u041e\u0434\u043d\u043e \u0438\u0437 \u0434\u0432\u0435\u043d\u0430\u0434\u0446\u0430\u0442\u0438 \u0441\u043e\u0437\u0432\u0435\u0437\u0434\u0438\u0439 \u0417\u043e\u0434\u0438\u0430\u043a\u0430.""}, {""sense"": 4, ""definition"": ""\u041e \u0447\u0435\u043b\u043e\u0432\u0435\u043a\u0435, \u0440\u043e\u0434\u0438\u0432\u0448\u0435\u043c\u0441\u044f \u0432 \u043a\u043e\u043d\u0446\u0435 \u0438\u044e\u043d\u044f - \u0438\u044e\u043b\u0435, \u043a\u043e\u0433\u0434\u0430 \u0421\u043e\u043b\u043d\u0446\u0435 \u043d\u0430\u0445\u043e\u0434\u0438\u0442\u0441\u044f \u0432 \u0441\u043e\u0437\u0432\u0435\u0437\u0434\u0438\u0438 \u0420\u0430\u043a\u0430""}]"
35	лейка	-сатэна от файдешина. Лейку? Лейка была бы ей очень нужна, но на	лейку	не хватало денег. Без сомнения, я так бы ничего и не купил,	2	В данном случае, слово «лейка» имеет значение «узкопленочный фотоаппарат».	"[{""sense"": 1, ""definition"": ""\u0421\u043e\u0441\u0443\u0434 \u0434\u043b\u044f \u043f\u043e\u043b\u0438\u0432\u043a\u0438 \u0440\u0430\u0441\u0442\u0435\u043d\u0438\u0439 \u0432 \u0432\u0438\u0434\u0435 \u0432\u0435\u0434\u0440\u0430 \u0441 \u0442\u0440\u0443\u0431\u043a\u043e\u0439""}, {""sense"": 2, ""definition"": ""\u0443\u0437\u043a\u043e\u043f\u043b\u0435\u043d\u043e\u0447\u043d\u044b\u0439 \u0444\u043e\u0442\u043e\u0430\u043f\u043f\u0430\u0440\u0430\u0442""}, {""sense"": 3, ""definition"": ""\u041d\u0430\u0440.-\u0440\u0430\u0437\u0433. =\u0412\u043e\u0440\u043e\u043d\u043a\u0430""}]"
42	полоз	и государства. Власть и мороз. Тысячелетний возраст государства. Теория скрипит на морозе	полозьями	извозчичьих санок. Холодно тебе, Византия? Зябнет и злится писатель-разночинец в не	1	В данном случае, слово «полоз» имеет значение «нижняя часть саней».	"[{""sense"": 1, ""definition"": ""\u043d\u0438\u0436\u043d\u044f\u044f \u0447\u0430\u0441\u0442\u044c \u0441\u0430\u043d\u0435\u0439""}, {""sense"": 2, ""definition"": ""\u0441\u043a\u043e\u043b\u044c\u0437\u044f\u0449\u0438\u0439 \u0431\u0440\u0443\u0441 \u0434\u043b\u044f \u0442\u044f\u0436\u0435\u0441\u0442\u0435\u0439""}, {""sense"": 3, ""definition"": ""\u043d\u0435\u044f\u0434\u043e\u0432\u0438\u0442\u0430\u044f \u0437\u043c\u0435\u044f""}]"
53	почерк	близким людям. Лаевский помнил об этом. Он взял перо и написал дрожащим	почерком	: «Матушка!» Он хотел написать матери, чтобы она во имя милосердного бога, в	1	В данном случае, слово «почерк» имеет значение «манера изображения букв».	"[{""sense"": 1, ""definition"": ""\u043c\u0430\u043d\u0435\u0440\u0430 \u0438\u0437\u043e\u0431\u0440\u0430\u0436\u0435\u043d\u0438\u044f \u0431\u0443\u043a\u0432""}, {""sense"": 2, ""definition"": ""\u0438\u043d\u0434\u0438\u0432\u0438\u0434\u0443\u0430\u043b\u044c\u043d\u0430\u044f \u0442\u0432\u043e\u0440\u0447\u0435\u0441\u043a\u0430\u044f \u043c\u0430\u043d\u0435\u0440\u0430""}]"
54	почерк	открыл ее, достал какую-то бумагу и протянул мне, спросив: «Вам знаком этот	почерк	?» Кровь, как говорится, ударила мне в лицо. Я не мог себе представить,	1	В данном случае, слово «почерк» имеет значение «манера изображения букв».	"[{""sense"": 1, ""definition"": ""\u043c\u0430\u043d\u0435\u0440\u0430 \u0438\u0437\u043e\u0431\u0440\u0430\u0436\u0435\u043d\u0438\u044f \u0431\u0443\u043a\u0432""}, {""sense"": 2, ""definition"": ""\u0438\u043d\u0434\u0438\u0432\u0438\u0434\u0443\u0430\u043b\u044c\u043d\u0430\u044f \u0442\u0432\u043e\u0440\u0447\u0435\u0441\u043a\u0430\u044f \u043c\u0430\u043d\u0435\u0440\u0430""}]"
2	бычок	". Но когда ""благодетель"" повел его по хлевам - шесть свиней, две коровы и"	бычок	, когда познакомил с маслобойкой, когда к тому же велел и во дворе	1	В данном случае, слово «бычок» имеет значение «уменьшительно-ласкательное к бык, молодой бык».	"[{""sense"": 1, ""definition"": ""\u0443\u043c\u0435\u043d\u044c\u0448\u0438\u0442\u0435\u043b\u044c\u043d\u043e-\u043b\u0430\u0441\u043a\u0430\u0442\u0435\u043b\u044c\u043d\u043e\u0435 \u043a \u0431\u044b\u043a, \u043c\u043e\u043b\u043e\u0434\u043e\u0439 \u0431\u044b\u043a""}, {""sense"": 2, ""definition"": ""\u041d\u0435\u0431\u043e\u043b\u044c\u0448\u0430\u044f \u043c\u043e\u0440\u0441\u043a\u0430\u044f \u0440\u044b\u0431\u0430 \u043e\u0442\u0440\u044f\u0434\u0430 \u043e\u043a\u0443\u043d\u0435\u043e\u0431\u0440\u0430\u0437\u043d\u044b\u0445""}, {""sense"": 3, ""definition"": ""\u043e\u043a\u0443\u0440\u043e\u043a""}, {""sense"": 4, ""definition"": ""\u0421\u0435\u043c\u0435\u0439\u0441\u0442\u0432\u043e \u043c\u043e\u0440\u0441\u043a\u0438\u0445 \u0440\u044b\u0431 \u044d\u0442\u043e\u0433\u043e \u043e\u0442\u0440\u044f\u0434\u0430""}, {""sense"": 5, ""definition"": ""\u041c\u044f\u0441\u043e \u0442\u0430\u043a\u0438\u0445 \u0440\u044b\u0431""}]"
21	кличка	благодарностью рассказывает женщина. - На работу я всегда ходила с немецкой овчаркой по	кличке	Эйлин. Иду как-то домой - на дворе март, слякотно. И вдруг проваливаюсь в	1	В данном случае, слово «кличка» имеет значение «имя домашенего животного».	"[{""sense"": 1, ""definition"": ""\u0438\u043c\u044f \u0434\u043e\u043c\u0430\u0448\u0435\u043d\u0435\u0433\u043e \u0436\u0438\u0432\u043e\u0442\u043d\u043e\u0433\u043e""}, {""sense"": 2, ""definition"": ""\u043f\u0440\u043e\u0437\u0432\u0438\u0449\u0435 \u0447\u0435\u043b\u043e\u0432\u0435\u043a\u0430""}]"
7	бычок	, во время которого он пуляет по мелочам, пытается догнать ставриду, схватить руками	бычка	и совершает другие неприличные поступки, охотники резко разделяются на два основных типа.	2	В данном случае, слово «бычок» имеет значение «Небольшая морская рыба отряда окунеобразных».	"[{""sense"": 1, ""definition"": ""\u0443\u043c\u0435\u043d\u044c\u0448\u0438\u0442\u0435\u043b\u044c\u043d\u043e-\u043b\u0430\u0441\u043a\u0430\u0442\u0435\u043b\u044c\u043d\u043e\u0435 \u043a \u0431\u044b\u043a, \u043c\u043e\u043b\u043e\u0434\u043e\u0439 \u0431\u044b\u043a""}, {""sense"": 2, ""definition"": ""\u041d\u0435\u0431\u043e\u043b\u044c\u0448\u0430\u044f \u043c\u043e\u0440\u0441\u043a\u0430\u044f \u0440\u044b\u0431\u0430 \u043e\u0442\u0440\u044f\u0434\u0430 \u043e\u043a\u0443\u043d\u0435\u043e\u0431\u0440\u0430\u0437\u043d\u044b\u0445""}, {""sense"": 3, ""definition"": ""\u043e\u043a\u0443\u0440\u043e\u043a""}, {""sense"": 4, ""definition"": ""\u0421\u0435\u043c\u0435\u0439\u0441\u0442\u0432\u043e \u043c\u043e\u0440\u0441\u043a\u0438\u0445 \u0440\u044b\u0431 \u044d\u0442\u043e\u0433\u043e \u043e\u0442\u0440\u044f\u0434\u0430""}, {""sense"": 5, ""definition"": ""\u041c\u044f\u0441\u043e \u0442\u0430\u043a\u0438\u0445 \u0440\u044b\u0431""}]"
38	полоз	-- Идём к шкилету. К трактирному крыльцу подкатило несколько саней.	Полозья	скользили по белоснежью, мимо потухших окон спящего городка. Потом откинутые полога саней,	1	В данном случае, слово «полоз» имеет значение «нижняя часть саней».	"[{""sense"": 1, ""definition"": ""\u043d\u0438\u0436\u043d\u044f\u044f \u0447\u0430\u0441\u0442\u044c \u0441\u0430\u043d\u0435\u0439""}, {""sense"": 2, ""definition"": ""\u0441\u043a\u043e\u043b\u044c\u0437\u044f\u0449\u0438\u0439 \u0431\u0440\u0443\u0441 \u0434\u043b\u044f \u0442\u044f\u0436\u0435\u0441\u0442\u0435\u0439""}, {""sense"": 3, ""definition"": ""\u043d\u0435\u044f\u0434\u043e\u0432\u0438\u0442\u0430\u044f \u0437\u043c\u0435\u044f""}]"
15	бычок	стоял «головастик» с маленькой кабиной и огромным тентованным кузовом. Кабина загажена, всюду	бычки	, пустые пачки из-под сигарет, бутылки и довольно хорошо сохранившаяся пара носков... Да	3	В данном случае, слово «бычок» имеет значение «окурок».	"[{""sense"": 1, ""definition"": ""\u0443\u043c\u0435\u043d\u044c\u0448\u0438\u0442\u0435\u043b\u044c\u043d\u043e-\u043b\u0430\u0441\u043a\u0430\u0442\u0435\u043b\u044c\u043d\u043e\u0435 \u043a \u0431\u044b\u043a, \u043c\u043e\u043b\u043e\u0434\u043e\u0439 \u0431\u044b\u043a""}, {""sense"": 2, ""definition"": ""\u041d\u0435\u0431\u043e\u043b\u044c\u0448\u0430\u044f \u043c\u043e\u0440\u0441\u043a\u0430\u044f \u0440\u044b\u0431\u0430 \u043e\u0442\u0440\u044f\u0434\u0430 \u043e\u043a\u0443\u043d\u0435\u043e\u0431\u0440\u0430\u0437\u043d\u044b\u0445""}, {""sense"": 3, ""definition"": ""\u043e\u043a\u0443\u0440\u043e\u043a""}, {""sense"": 4, ""definition"": ""\u0421\u0435\u043c\u0435\u0439\u0441\u0442\u0432\u043e \u043c\u043e\u0440\u0441\u043a\u0438\u0445 \u0440\u044b\u0431 \u044d\u0442\u043e\u0433\u043e \u043e\u0442\u0440\u044f\u0434\u0430""}, {""sense"": 5, ""definition"": ""\u041c\u044f\u0441\u043e \u0442\u0430\u043a\u0438\u0445 \u0440\u044b\u0431""}]"
52	почерк	«Голубчик Павлуша, -- писала, между прочим, Вера своим крупным и неустановившимся	почерком	. -- Вот уж скоро два года, как я тебя не видала. Почему ты	1	В данном случае, слово «почерк» имеет значение «манера изображения букв».	"[{""sense"": 1, ""definition"": ""\u043c\u0430\u043d\u0435\u0440\u0430 \u0438\u0437\u043e\u0431\u0440\u0430\u0436\u0435\u043d\u0438\u044f \u0431\u0443\u043a\u0432""}, {""sense"": 2, ""definition"": ""\u0438\u043d\u0434\u0438\u0432\u0438\u0434\u0443\u0430\u043b\u044c\u043d\u0430\u044f \u0442\u0432\u043e\u0440\u0447\u0435\u0441\u043a\u0430\u044f \u043c\u0430\u043d\u0435\u0440\u0430""}]"
47	полоз	плавает и предпочитает жить у водоемов. На зиму впадает в спячку. Узорчатый	полоз	пополнил ряды пресмыкающихся Челябинской области. До сих пор на Южном Урале встречались	3	В данном случае, слово «полоз» имеет значение «неядовитая змея».	"[{""sense"": 1, ""definition"": ""\u043d\u0438\u0436\u043d\u044f\u044f \u0447\u0430\u0441\u0442\u044c \u0441\u0430\u043d\u0435\u0439""}, {""sense"": 2, ""definition"": ""\u0441\u043a\u043e\u043b\u044c\u0437\u044f\u0449\u0438\u0439 \u0431\u0440\u0443\u0441 \u0434\u043b\u044f \u0442\u044f\u0436\u0435\u0441\u0442\u0435\u0439""}, {""sense"": 3, ""definition"": ""\u043d\u0435\u044f\u0434\u043e\u0432\u0438\u0442\u0430\u044f \u0437\u043c\u0435\u044f""}]"
79	рак	в банках. Лунный календарь на выходные 20 июля. Новолуние Луна в знаке	Рака	Подготовка места для посадки земляники, малины и цветочных многолетников. Полив и рыхление,	3	В данном случае, слово «рак» имеет значение «Одно из двенадцати созвездий Зодиака.».	"[{""sense"": 1, ""definition"": ""\u043f\u0440\u0435\u0441\u043d\u043e\u0432\u043e\u0434\u043d\u043e\u0435""}, {""sense"": 2, ""definition"": ""\u0431\u043e\u043b\u0435\u0437\u043d\u044c \u043b\u044e\u0434\u0435\u0439 \u0438 \u0436\u0438\u0432\u043e\u0442\u043d\u044b\u0445""}, {""sense"": 3, ""definition"": ""\u041e\u0434\u043d\u043e \u0438\u0437 \u0434\u0432\u0435\u043d\u0430\u0434\u0446\u0430\u0442\u0438 \u0441\u043e\u0437\u0432\u0435\u0437\u0434\u0438\u0439 \u0417\u043e\u0434\u0438\u0430\u043a\u0430.""}, {""sense"": 4, ""definition"": ""\u041e \u0447\u0435\u043b\u043e\u0432\u0435\u043a\u0435, \u0440\u043e\u0434\u0438\u0432\u0448\u0435\u043c\u0441\u044f \u0432 \u043a\u043e\u043d\u0446\u0435 \u0438\u044e\u043d\u044f - \u0438\u044e\u043b\u0435, \u043a\u043e\u0433\u0434\u0430 \u0421\u043e\u043b\u043d\u0446\u0435 \u043d\u0430\u0445\u043e\u0434\u0438\u0442\u0441\u044f \u0432 \u0441\u043e\u0437\u0432\u0435\u0437\u0434\u0438\u0438 \u0420\u0430\u043a\u0430""}]"
29	лейка	Инкиными трясущимися руками, они вскоре уже по локоть были разукрашены землей. Из	лейки	-куропатки место захоронения фасолины окроплено несколькими каплями влаги. Все это Инка проделала	1	В данном случае, слово «лейка» имеет значение «Сосуд для поливки растений в виде ведра с трубкой».	"[{""sense"": 1, ""definition"": ""\u0421\u043e\u0441\u0443\u0434 \u0434\u043b\u044f \u043f\u043e\u043b\u0438\u0432\u043a\u0438 \u0440\u0430\u0441\u0442\u0435\u043d\u0438\u0439 \u0432 \u0432\u0438\u0434\u0435 \u0432\u0435\u0434\u0440\u0430 \u0441 \u0442\u0440\u0443\u0431\u043a\u043e\u0439""}, {""sense"": 2, ""definition"": ""\u0443\u0437\u043a\u043e\u043f\u043b\u0435\u043d\u043e\u0447\u043d\u044b\u0439 \u0444\u043e\u0442\u043e\u0430\u043f\u043f\u0430\u0440\u0430\u0442""}, {""sense"": 3, ""definition"": ""\u041d\u0430\u0440.-\u0440\u0430\u0437\u0433. =\u0412\u043e\u0440\u043e\u043d\u043a\u0430""}]"
45	полоз	на дереве, свернувшись кольцами, выложив на них круглую плоскую головку, лежал громадный	полоз	и смотрел на Майгулу. Кольца у полоза были все в изумрудах. В	3	В данном случае, слово «полоз» имеет значение «неядовитая змея».	"[{""sense"": 1, ""definition"": ""\u043d\u0438\u0436\u043d\u044f\u044f \u0447\u0430\u0441\u0442\u044c \u0441\u0430\u043d\u0435\u0439""}, {""sense"": 2, ""definition"": ""\u0441\u043a\u043e\u043b\u044c\u0437\u044f\u0449\u0438\u0439 \u0431\u0440\u0443\u0441 \u0434\u043b\u044f \u0442\u044f\u0436\u0435\u0441\u0442\u0435\u0439""}, {""sense"": 3, ""definition"": ""\u043d\u0435\u044f\u0434\u043e\u0432\u0438\u0442\u0430\u044f \u0437\u043c\u0435\u044f""}]"
1	бычок	комплекс для крупного рогатого скота. В погашение кредитов стали у хозяйств брать	бычков	. Чтобы сделать рентабельным производство мяса, мы пошли двумя путями. Во-первых, установили для	1	В данном случае, слово «бычок» имеет значение «уменьшительно-ласкательное к бык, молодой бык».	"[{""sense"": 1, ""definition"": ""\u0443\u043c\u0435\u043d\u044c\u0448\u0438\u0442\u0435\u043b\u044c\u043d\u043e-\u043b\u0430\u0441\u043a\u0430\u0442\u0435\u043b\u044c\u043d\u043e\u0435 \u043a \u0431\u044b\u043a, \u043c\u043e\u043b\u043e\u0434\u043e\u0439 \u0431\u044b\u043a""}, {""sense"": 2, ""definition"": ""\u041d\u0435\u0431\u043e\u043b\u044c\u0448\u0430\u044f \u043c\u043e\u0440\u0441\u043a\u0430\u044f \u0440\u044b\u0431\u0430 \u043e\u0442\u0440\u044f\u0434\u0430 \u043e\u043a\u0443\u043d\u0435\u043e\u0431\u0440\u0430\u0437\u043d\u044b\u0445""}, {""sense"": 3, ""definition"": ""\u043e\u043a\u0443\u0440\u043e\u043a""}, {""sense"": 4, ""definition"": ""\u0421\u0435\u043c\u0435\u0439\u0441\u0442\u0432\u043e \u043c\u043e\u0440\u0441\u043a\u0438\u0445 \u0440\u044b\u0431 \u044d\u0442\u043e\u0433\u043e \u043e\u0442\u0440\u044f\u0434\u0430""}, {""sense"": 5, ""definition"": ""\u041c\u044f\u0441\u043e \u0442\u0430\u043a\u0438\u0445 \u0440\u044b\u0431""}]"
56	почерк	там, где есть возможность установить сходство приёмов или когда речь идёт о	почерке	преступника. Установление modus'a operandi -- важный этап розыска. Вспомни хотя бы дело	2	В данном случае, слово «почерк» имеет значение «индивидуальная творческая манера».	"[{""sense"": 1, ""definition"": ""\u043c\u0430\u043d\u0435\u0440\u0430 \u0438\u0437\u043e\u0431\u0440\u0430\u0436\u0435\u043d\u0438\u044f \u0431\u0443\u043a\u0432""}, {""sense"": 2, ""definition"": ""\u0438\u043d\u0434\u0438\u0432\u0438\u0434\u0443\u0430\u043b\u044c\u043d\u0430\u044f \u0442\u0432\u043e\u0440\u0447\u0435\u0441\u043a\u0430\u044f \u043c\u0430\u043d\u0435\u0440\u0430""}]"
50	почерк	есть вновь в каторгу. И вот началось беспрерывное падение. У Луговского отличный	почерк	, -- каторга сначала заставляла его подделывать разные необходимые ей документы, затем он начал	1	В данном случае, слово «почерк» имеет значение «манера изображения букв».	"[{""sense"": 1, ""definition"": ""\u043c\u0430\u043d\u0435\u0440\u0430 \u0438\u0437\u043e\u0431\u0440\u0430\u0436\u0435\u043d\u0438\u044f \u0431\u0443\u043a\u0432""}, {""sense"": 2, ""definition"": ""\u0438\u043d\u0434\u0438\u0432\u0438\u0434\u0443\u0430\u043b\u044c\u043d\u0430\u044f \u0442\u0432\u043e\u0440\u0447\u0435\u0441\u043a\u0430\u044f \u043c\u0430\u043d\u0435\u0440\u0430""}]"
4	бычок	, сошло настоящее вдохновение. Он вдруг взревел вместе с другими, как настоящий молодой	бычок	, схватил поперек от неожиданности перегнувшегося Леньку и, работая им, как тараном, вместо	1	В данном случае, слово «бычок» имеет значение «уменьшительно-ласкательное к бык, молодой бык».	"[{""sense"": 1, ""definition"": ""\u0443\u043c\u0435\u043d\u044c\u0448\u0438\u0442\u0435\u043b\u044c\u043d\u043e-\u043b\u0430\u0441\u043a\u0430\u0442\u0435\u043b\u044c\u043d\u043e\u0435 \u043a \u0431\u044b\u043a, \u043c\u043e\u043b\u043e\u0434\u043e\u0439 \u0431\u044b\u043a""}, {""sense"": 2, ""definition"": ""\u041d\u0435\u0431\u043e\u043b\u044c\u0448\u0430\u044f \u043c\u043e\u0440\u0441\u043a\u0430\u044f \u0440\u044b\u0431\u0430 \u043e\u0442\u0440\u044f\u0434\u0430 \u043e\u043a\u0443\u043d\u0435\u043e\u0431\u0440\u0430\u0437\u043d\u044b\u0445""}, {""sense"": 3, ""definition"": ""\u043e\u043a\u0443\u0440\u043e\u043a""}, {""sense"": 4, ""definition"": ""\u0421\u0435\u043c\u0435\u0439\u0441\u0442\u0432\u043e \u043c\u043e\u0440\u0441\u043a\u0438\u0445 \u0440\u044b\u0431 \u044d\u0442\u043e\u0433\u043e \u043e\u0442\u0440\u044f\u0434\u0430""}, {""sense"": 5, ""definition"": ""\u041c\u044f\u0441\u043e \u0442\u0430\u043a\u0438\u0445 \u0440\u044b\u0431""}]"
63	рак	. Эти впечатления помогли им вспомнить какую-то сидевшую с ними даму, которая ела	раков	. Потом они увидели стол, его сервировку, колонну, у которой, как оказалось, они	1	В данном случае, слово «рак» имеет значение «пресноводное».	"[{""sense"": 1, ""definition"": ""\u043f\u0440\u0435\u0441\u043d\u043e\u0432\u043e\u0434\u043d\u043e\u0435""}, {""sense"": 2, ""definition"": ""\u0431\u043e\u043b\u0435\u0437\u043d\u044c \u043b\u044e\u0434\u0435\u0439 \u0438 \u0436\u0438\u0432\u043e\u0442\u043d\u044b\u0445""}, {""sense"": 3, ""definition"": ""\u041e\u0434\u043d\u043e \u0438\u0437 \u0434\u0432\u0435\u043d\u0430\u0434\u0446\u0430\u0442\u0438 \u0441\u043e\u0437\u0432\u0435\u0437\u0434\u0438\u0439 \u0417\u043e\u0434\u0438\u0430\u043a\u0430.""}, {""sense"": 4, ""definition"": ""\u041e \u0447\u0435\u043b\u043e\u0432\u0435\u043a\u0435, \u0440\u043e\u0434\u0438\u0432\u0448\u0435\u043c\u0441\u044f \u0432 \u043a\u043e\u043d\u0446\u0435 \u0438\u044e\u043d\u044f - \u0438\u044e\u043b\u0435, \u043a\u043e\u0433\u0434\u0430 \u0421\u043e\u043b\u043d\u0446\u0435 \u043d\u0430\u0445\u043e\u0434\u0438\u0442\u0441\u044f \u0432 \u0441\u043e\u0437\u0432\u0435\u0437\u0434\u0438\u0438 \u0420\u0430\u043a\u0430""}]"
13	бычок	голубые цветы, большие медузы. На песчаном дне лежали пятнистые камбалы и пучеглазые	бычки	. Прибой выбрасывал на берег красные водоросли, гнилые поплавки-балберки от рыбачьих сетей	2	В данном случае, слово «бычок» имеет значение «Небольшая морская рыба отряда окунеобразных».	"[{""sense"": 1, ""definition"": ""\u0443\u043c\u0435\u043d\u044c\u0448\u0438\u0442\u0435\u043b\u044c\u043d\u043e-\u043b\u0430\u0441\u043a\u0430\u0442\u0435\u043b\u044c\u043d\u043e\u0435 \u043a \u0431\u044b\u043a, \u043c\u043e\u043b\u043e\u0434\u043e\u0439 \u0431\u044b\u043a""}, {""sense"": 2, ""definition"": ""\u041d\u0435\u0431\u043e\u043b\u044c\u0448\u0430\u044f \u043c\u043e\u0440\u0441\u043a\u0430\u044f \u0440\u044b\u0431\u0430 \u043e\u0442\u0440\u044f\u0434\u0430 \u043e\u043a\u0443\u043d\u0435\u043e\u0431\u0440\u0430\u0437\u043d\u044b\u0445""}, {""sense"": 3, ""definition"": ""\u043e\u043a\u0443\u0440\u043e\u043a""}, {""sense"": 4, ""definition"": ""\u0421\u0435\u043c\u0435\u0439\u0441\u0442\u0432\u043e \u043c\u043e\u0440\u0441\u043a\u0438\u0445 \u0440\u044b\u0431 \u044d\u0442\u043e\u0433\u043e \u043e\u0442\u0440\u044f\u0434\u0430""}, {""sense"": 5, ""definition"": ""\u041c\u044f\u0441\u043e \u0442\u0430\u043a\u0438\u0445 \u0440\u044b\u0431""}]"
27	лейка	холодной, ненастной погоде. Снимая на день рогожи, следует рассаду хорошенько спрыскивать из	лейки	, а если стоит сухая и ветреная погода, то, накладывая вечером рогожи, нужно	1	В данном случае, слово «лейка» имеет значение «Сосуд для поливки растений в виде ведра с трубкой».	"[{""sense"": 1, ""definition"": ""\u0421\u043e\u0441\u0443\u0434 \u0434\u043b\u044f \u043f\u043e\u043b\u0438\u0432\u043a\u0438 \u0440\u0430\u0441\u0442\u0435\u043d\u0438\u0439 \u0432 \u0432\u0438\u0434\u0435 \u0432\u0435\u0434\u0440\u0430 \u0441 \u0442\u0440\u0443\u0431\u043a\u043e\u0439""}, {""sense"": 2, ""definition"": ""\u0443\u0437\u043a\u043e\u043f\u043b\u0435\u043d\u043e\u0447\u043d\u044b\u0439 \u0444\u043e\u0442\u043e\u0430\u043f\u043f\u0430\u0440\u0430\u0442""}, {""sense"": 3, ""definition"": ""\u041d\u0430\u0440.-\u0440\u0430\u0437\u0433. =\u0412\u043e\u0440\u043e\u043d\u043a\u0430""}]"
49	полоз	шелест затих. Рядом с плечом Ласкина, как поднятая на пружине, появилась головка	полоза	. Ласкин забыл про оленя и в испуге вскочил, но змея исчезла столь	3	В данном случае, слово «полоз» имеет значение «неядовитая змея».	"[{""sense"": 1, ""definition"": ""\u043d\u0438\u0436\u043d\u044f\u044f \u0447\u0430\u0441\u0442\u044c \u0441\u0430\u043d\u0435\u0439""}, {""sense"": 2, ""definition"": ""\u0441\u043a\u043e\u043b\u044c\u0437\u044f\u0449\u0438\u0439 \u0431\u0440\u0443\u0441 \u0434\u043b\u044f \u0442\u044f\u0436\u0435\u0441\u0442\u0435\u0439""}, {""sense"": 3, ""definition"": ""\u043d\u0435\u044f\u0434\u043e\u0432\u0438\u0442\u0430\u044f \u0437\u043c\u0435\u044f""}]"
61	рак	яйцами и маслом , отвар из судаков употреблять на рыбный суп . Когда варятся	раки	, то оставшиеся скорлупки вымыть , высушить , истолочь на раковое масло . При варке раков	1	В данном случае, слово «рак» имеет значение «пресноводное».	"[{""sense"": 1, ""definition"": ""\u043f\u0440\u0435\u0441\u043d\u043e\u0432\u043e\u0434\u043d\u043e\u0435""}, {""sense"": 2, ""definition"": ""\u0431\u043e\u043b\u0435\u0437\u043d\u044c \u043b\u044e\u0434\u0435\u0439 \u0438 \u0436\u0438\u0432\u043e\u0442\u043d\u044b\u0445""}, {""sense"": 3, ""definition"": ""\u041e\u0434\u043d\u043e \u0438\u0437 \u0434\u0432\u0435\u043d\u0430\u0434\u0446\u0430\u0442\u0438 \u0441\u043e\u0437\u0432\u0435\u0437\u0434\u0438\u0439 \u0417\u043e\u0434\u0438\u0430\u043a\u0430.""}, {""sense"": 4, ""definition"": ""\u041e \u0447\u0435\u043b\u043e\u0432\u0435\u043a\u0435, \u0440\u043e\u0434\u0438\u0432\u0448\u0435\u043c\u0441\u044f \u0432 \u043a\u043e\u043d\u0446\u0435 \u0438\u044e\u043d\u044f - \u0438\u044e\u043b\u0435, \u043a\u043e\u0433\u0434\u0430 \u0421\u043e\u043b\u043d\u0446\u0435 \u043d\u0430\u0445\u043e\u0434\u0438\u0442\u0441\u044f \u0432 \u0441\u043e\u0437\u0432\u0435\u0437\u0434\u0438\u0438 \u0420\u0430\u043a\u0430""}]"
58	почерк	"машины. Так что надежда на то, что у пойманных ингушей какой-то там """	почерк	""", - это очень похоже на блеф. Одна радость: как рассказывает Михаил Жванецкий, его"	2	В данном случае, слово «почерк» имеет значение «индивидуальная творческая манера».	"[{""sense"": 1, ""definition"": ""\u043c\u0430\u043d\u0435\u0440\u0430 \u0438\u0437\u043e\u0431\u0440\u0430\u0436\u0435\u043d\u0438\u044f \u0431\u0443\u043a\u0432""}, {""sense"": 2, ""definition"": ""\u0438\u043d\u0434\u0438\u0432\u0438\u0434\u0443\u0430\u043b\u044c\u043d\u0430\u044f \u0442\u0432\u043e\u0440\u0447\u0435\u0441\u043a\u0430\u044f \u043c\u0430\u043d\u0435\u0440\u0430""}]"
64	рак	отступаешь? -- сверкая глазами и крепко сжимая кулачонки, выкрикивал Мошка. -- Мы, брат,	раков	видали, нечего нам их представлять. Каракуль положительно наскакивал на смущенного и растерявшегося	1	В данном случае, слово «рак» имеет значение «пресноводное».	"[{""sense"": 1, ""definition"": ""\u043f\u0440\u0435\u0441\u043d\u043e\u0432\u043e\u0434\u043d\u043e\u0435""}, {""sense"": 2, ""definition"": ""\u0431\u043e\u043b\u0435\u0437\u043d\u044c \u043b\u044e\u0434\u0435\u0439 \u0438 \u0436\u0438\u0432\u043e\u0442\u043d\u044b\u0445""}, {""sense"": 3, ""definition"": ""\u041e\u0434\u043d\u043e \u0438\u0437 \u0434\u0432\u0435\u043d\u0430\u0434\u0446\u0430\u0442\u0438 \u0441\u043e\u0437\u0432\u0435\u0437\u0434\u0438\u0439 \u0417\u043e\u0434\u0438\u0430\u043a\u0430.""}, {""sense"": 4, ""definition"": ""\u041e \u0447\u0435\u043b\u043e\u0432\u0435\u043a\u0435, \u0440\u043e\u0434\u0438\u0432\u0448\u0435\u043c\u0441\u044f \u0432 \u043a\u043e\u043d\u0446\u0435 \u0438\u044e\u043d\u044f - \u0438\u044e\u043b\u0435, \u043a\u043e\u0433\u0434\u0430 \u0421\u043e\u043b\u043d\u0446\u0435 \u043d\u0430\u0445\u043e\u0434\u0438\u0442\u0441\u044f \u0432 \u0441\u043e\u0437\u0432\u0435\u0437\u0434\u0438\u0438 \u0420\u0430\u043a\u0430""}]"
16	бычок	известно, любил пить в музее. Экспонатами Греческого зала омерзительный алкаш открывал банки	бычков	, чем вызвал законное раздражение культурных людей. Похожая история случилась недавно в музее-	5	В данном случае, слово «бычок» имеет значение «Мясо таких рыб».	"[{""sense"": 1, ""definition"": ""\u0443\u043c\u0435\u043d\u044c\u0448\u0438\u0442\u0435\u043b\u044c\u043d\u043e-\u043b\u0430\u0441\u043a\u0430\u0442\u0435\u043b\u044c\u043d\u043e\u0435 \u043a \u0431\u044b\u043a, \u043c\u043e\u043b\u043e\u0434\u043e\u0439 \u0431\u044b\u043a""}, {""sense"": 2, ""definition"": ""\u041d\u0435\u0431\u043e\u043b\u044c\u0448\u0430\u044f \u043c\u043e\u0440\u0441\u043a\u0430\u044f \u0440\u044b\u0431\u0430 \u043e\u0442\u0440\u044f\u0434\u0430 \u043e\u043a\u0443\u043d\u0435\u043e\u0431\u0440\u0430\u0437\u043d\u044b\u0445""}, {""sense"": 3, ""definition"": ""\u043e\u043a\u0443\u0440\u043e\u043a""}, {""sense"": 4, ""definition"": ""\u0421\u0435\u043c\u0435\u0439\u0441\u0442\u0432\u043e \u043c\u043e\u0440\u0441\u043a\u0438\u0445 \u0440\u044b\u0431 \u044d\u0442\u043e\u0433\u043e \u043e\u0442\u0440\u044f\u0434\u0430""}, {""sense"": 5, ""definition"": ""\u041c\u044f\u0441\u043e \u0442\u0430\u043a\u0438\u0445 \u0440\u044b\u0431""}]"
33	лейка	Вечером через жестяную	лейку	Софья наливала в лампу керосин. Трофим Иваныч крикнул ей: «Гляди, гляди -- что	3	В данном случае, слово «лейка» имеет значение «Нар.-разг. =Воронка».	"[{""sense"": 1, ""definition"": ""\u0421\u043e\u0441\u0443\u0434 \u0434\u043b\u044f \u043f\u043e\u043b\u0438\u0432\u043a\u0438 \u0440\u0430\u0441\u0442\u0435\u043d\u0438\u0439 \u0432 \u0432\u0438\u0434\u0435 \u0432\u0435\u0434\u0440\u0430 \u0441 \u0442\u0440\u0443\u0431\u043a\u043e\u0439""}, {""sense"": 2, ""definition"": ""\u0443\u0437\u043a\u043e\u043f\u043b\u0435\u043d\u043e\u0447\u043d\u044b\u0439 \u0444\u043e\u0442\u043e\u0430\u043f\u043f\u0430\u0440\u0430\u0442""}, {""sense"": 3, ""definition"": ""\u041d\u0430\u0440.-\u0440\u0430\u0437\u0433. =\u0412\u043e\u0440\u043e\u043d\u043a\u0430""}]"
9	бычок	пугается удара стрелы рядом, иногда он лишь немного отодвигается. Однажды я схватил	бычка	рукой за плавник. Вырвался и уплыл он лениво, будто нехотя. Зубатка -- это	2	В данном случае, слово «бычок» имеет значение «Небольшая морская рыба отряда окунеобразных».	"[{""sense"": 1, ""definition"": ""\u0443\u043c\u0435\u043d\u044c\u0448\u0438\u0442\u0435\u043b\u044c\u043d\u043e-\u043b\u0430\u0441\u043a\u0430\u0442\u0435\u043b\u044c\u043d\u043e\u0435 \u043a \u0431\u044b\u043a, \u043c\u043e\u043b\u043e\u0434\u043e\u0439 \u0431\u044b\u043a""}, {""sense"": 2, ""definition"": ""\u041d\u0435\u0431\u043e\u043b\u044c\u0448\u0430\u044f \u043c\u043e\u0440\u0441\u043a\u0430\u044f \u0440\u044b\u0431\u0430 \u043e\u0442\u0440\u044f\u0434\u0430 \u043e\u043a\u0443\u043d\u0435\u043e\u0431\u0440\u0430\u0437\u043d\u044b\u0445""}, {""sense"": 3, ""definition"": ""\u043e\u043a\u0443\u0440\u043e\u043a""}, {""sense"": 4, ""definition"": ""\u0421\u0435\u043c\u0435\u0439\u0441\u0442\u0432\u043e \u043c\u043e\u0440\u0441\u043a\u0438\u0445 \u0440\u044b\u0431 \u044d\u0442\u043e\u0433\u043e \u043e\u0442\u0440\u044f\u0434\u0430""}, {""sense"": 5, ""definition"": ""\u041c\u044f\u0441\u043e \u0442\u0430\u043a\u0438\u0445 \u0440\u044b\u0431""}]"
73	рак	произойдет в вашем знаке. Тем более что наше ночное светило является хозяйкой	Рака	. ЛЕВ. Расположение Марса и Юпитера на этой неделе для вас трактуется так:	3	В данном случае, слово «рак» имеет значение «Одно из двенадцати созвездий Зодиака.».	"[{""sense"": 1, ""definition"": ""\u043f\u0440\u0435\u0441\u043d\u043e\u0432\u043e\u0434\u043d\u043e\u0435""}, {""sense"": 2, ""definition"": ""\u0431\u043e\u043b\u0435\u0437\u043d\u044c \u043b\u044e\u0434\u0435\u0439 \u0438 \u0436\u0438\u0432\u043e\u0442\u043d\u044b\u0445""}, {""sense"": 3, ""definition"": ""\u041e\u0434\u043d\u043e \u0438\u0437 \u0434\u0432\u0435\u043d\u0430\u0434\u0446\u0430\u0442\u0438 \u0441\u043e\u0437\u0432\u0435\u0437\u0434\u0438\u0439 \u0417\u043e\u0434\u0438\u0430\u043a\u0430.""}, {""sense"": 4, ""definition"": ""\u041e \u0447\u0435\u043b\u043e\u0432\u0435\u043a\u0435, \u0440\u043e\u0434\u0438\u0432\u0448\u0435\u043c\u0441\u044f \u0432 \u043a\u043e\u043d\u0446\u0435 \u0438\u044e\u043d\u044f - \u0438\u044e\u043b\u0435, \u043a\u043e\u0433\u0434\u0430 \u0421\u043e\u043b\u043d\u0446\u0435 \u043d\u0430\u0445\u043e\u0434\u0438\u0442\u0441\u044f \u0432 \u0441\u043e\u0437\u0432\u0435\u0437\u0434\u0438\u0438 \u0420\u0430\u043a\u0430""}]"
18	кличка	. История болезни. Лабораторная собака приблизительно двух лет от роду. Самец. Порода дворняжка.	Кличка	-- Шарик. Шерсть жидкая, кустами, буроватая, с подпалинами. Хвост цвета топлёного молока. На	1	В данном случае, слово «кличка» имеет значение «имя домашенего животного».	"[{""sense"": 1, ""definition"": ""\u0438\u043c\u044f \u0434\u043e\u043c\u0430\u0448\u0435\u043d\u0435\u0433\u043e \u0436\u0438\u0432\u043e\u0442\u043d\u043e\u0433\u043e""}, {""sense"": 2, ""definition"": ""\u043f\u0440\u043e\u0437\u0432\u0438\u0449\u0435 \u0447\u0435\u043b\u043e\u0432\u0435\u043a\u0430""}]"
